INSERT INTO tbl_user (user_code,user_id, user_name, email, password, phone_no, join_date, email_verified, is_locked)
VALUES (1,'admin', 'admin', 'admin@naver.com', '8c6976e5b5410415bde908bd4dee15dfb167a9c873fc4bb8a81f6f2ab448a918', NULL, NOW(), TRUE, FALSE);

INSERT INTO tbl_user (user_code,user_id, user_name, email, password, phone_no, join_date, email_verified, is_locked)
VALUES (101,'user01', 'κΉ€κ±΄μ°', 'gunwoo@naver.com', '9b8769a4a742959a2d0298c36fb70623f2dfacda8436237df08d8dfd5b37374c', '010-3868-8803', NOW(), FALSE, FALSE);

INSERT INTO tbl_user (user_code,user_id, user_name, email, password, phone_no, join_date, email_verified, is_locked)
VALUES (102,'user02', 'κΉ€λ‚μ', 'nayoung@naver.com', '9b8769a4a742959a2d0298c36fb70623f2dfacda8436237df08d8dfd5b37374c', '016-3494-8126', NOW(), FALSE, FALSE);

INSERT INTO tbl_user (user_code,user_id, user_name, email, password, phone_no, join_date, email_verified, is_locked)
VALUES (103,'user02', 'λ°•μ†΅μ΄', 'songyi@naver.com', '9b8769a4a742959a2d0298c36fb70623f2dfacda8436237df08d8dfd5b37374c', '011-1190-2653', NOW(), FALSE, FALSE);

INSERT INTO tbl_user (user_code,user_id, user_name, email, password, phone_no, join_date, email_verified, is_locked)
VALUES (104,'user02', 'λ°•μ„±ν„', 'sunghyun@naver.com', '9b8769a4a742959a2d0298c36fb70623f2dfacda8436237df08d8dfd5b37374c', '011-2245-7620', NOW(), FALSE, FALSE);

INSERT INTO tbl_user (user_code,user_id, user_name, email, password, phone_no, join_date, email_verified, is_locked)
VALUES (105,'user02', 'μ΅°μλ―Ό', 'sumin@naver.com', '9b8769a4a742959a2d0298c36fb70623f2dfacda8436237df08d8dfd5b37374c', '011-7339-7957', NOW(), FALSE, FALSE);

INSERT INTO tbl_user (user_code,user_id, user_name, email, password, phone_no, join_date, email_verified, is_locked)
VALUES (106,'user02', 'ν—μ•„λ¦„', 'areum@daum.net', '9b8769a4a742959a2d0298c36fb70623f2dfacda8436237df08d8dfd5b37374c', '016-4814-3905', NOW(), FALSE, FALSE);

INSERT INTO tbl_roles (role_code, role_name) VALUES (1, 'ADMIN');
INSERT INTO tbl_roles (role_code, role_name) VALUES (2, 'USER');

INSERT INTO tbl_user_roles (user_id, role_code) VALUES (1, 1);
INSERT INTO tbl_user_roles (user_id, role_code) VALUES (1, 2);

INSERT INTO tbl_user_roles (user_id, role_code) VALUES (101, 2);
INSERT INTO tbl_user_roles (user_id, role_code) VALUES (102, 2);
INSERT INTO tbl_user_roles (user_id, role_code) VALUES (103, 2);
INSERT INTO tbl_user_roles (user_id, role_code) VALUES (104, 2);
INSERT INTO tbl_user_roles (user_id, role_code) VALUES (105, 2);
INSERT INTO tbl_user_roles (user_id, role_code) VALUES (106, 2);

ALTER TABLE tbl_user AUTO_INCREMENT = 107;

-- μ„μΈ/κ²½κΈ° μ§€μ—­μ— μƒλ΅μ΄ λ°μ΄ν„° μ‚½μ…
INSERT INTO tbl_acm (acm_location, acm_name, acm_adress , acm_price, acm_info, acm_phone,regist_date, max_guest,liked_count, acm_photo1, acm_photo2, acm_photo3, acm_photo4, acm_photo5)
VALUES ('μ„μΈ/κ²½κΈ°','μ„μΈ κ°•λ‚¨ νΈν…”','μ£Όμ†μ£Όμ£Όμ†μ†', 250000, 'μ„μΈ/κ²½κΈ° νΈν…”μ€ μµκ³ μ νΈμ•ν•¨κ³Ό μ„λΉ„μ¤λ¥Ό μ κ³µν•©λ‹λ‹¤.', '010-1234-5678', NOW(), 4,800, 'new_hotel_1.jpg', 'new_hotel_2.jpg', 'new_hotel_3.jpg', 'new_hotel_4.jpg', 'new_hotel_5.jpg');

INSERT INTO tbl_acm (acm_location, acm_name, acm_price, acm_info, acm_phone,regist_date, max_guest,liked_count, acm_photo1, acm_photo2, acm_photo3, acm_photo4, acm_photo5)
VALUES ('μ¶©μ²­','μ„μΈ μ¶©μ²­μ¶©μ²­ νΈν…”', 250000, 'μ„μΈ/κ²½κΈ° νΈν…”μ€ μµκ³ μ νΈμ•ν•¨κ³Ό μ„λΉ„μ¤λ¥Ό μ κ³µν•©λ‹λ‹¤.', '010-1234-5678', NOW(), 4,800, 'new_hotel_1.jpg', 'new_hotel_2.jpg', 'new_hotel_3.jpg', 'new_hotel_4.jpg', 'new_hotel_5.jpg');


-- π“ μ¶©μ²­ μ§€μ—­ νΈν…” λ°μ΄ν„°

-- π“ κ°•μ› μ§€μ—­ νΈν…” λ°μ΄ν„°

-- π“ μ μ£Ό μ§€μ—­ νΈν…” λ°μ΄ν„°
INSERT INTO tbl_acm (acm_location, acm_name, acm_adress , acm_price, acm_info, acm_phone,regist_date, max_guest,liked_count, acm_photo1, acm_photo2, acm_photo3, acm_photo4, acm_photo5)
VALUES ('μ μ£Ό','λ΅―λ°νΈν…” μ μ£Ό','μ μ£ΌνΉλ³„μμΉλ„ μ„κ·€ν¬μ‹ μ¤‘λ¬Έκ΄€κ΄‘λ΅72λ²κΈΈ 35', 250000, 'λ΅―λ°νΈν…” μ μ£Όλ” μ–Έμ λ‚ λ‚΄ μ§‘κ³Ό κ°™μ€ νΈμ•ν•¨κ³Ό μ•„λ‘ν•¨μ„ μ κ³µν•©λ‹λ‹¤.', '064-731-1000', NOW(), 4,800, 'new_hotel_1.jpg', 'new_hotel_2.jpg', 'new_hotel_3.jpg', 'new_hotel_4.jpg', 'new_hotel_5.jpg');

INSERT INTO tbl_acm (acm_location, acm_name, acm_adress , acm_price, acm_info, acm_phone,regist_date, max_guest,liked_count, acm_photo1, acm_photo2, acm_photo3, acm_photo4, acm_photo5)
VALUES ('μ μ£Ό','μ μ£Ό μ‹ λΌνΈν…”','μ μ£ΌνΉλ³„μμΉλ„ μ„κ·€ν¬μ‹ νΉλ³„μμΉλ„, μ¤‘λ¬Έκ΄€κ΄‘λ΅72λ²κΈΈ 75', 250000, 'λ‚΄ μ§‘κ³Ό κ°™μ€ νΈμ•ν•¨μΌλ΅ κ³µκ°„ μ΄μƒμ κ°€μΉκ°€ μ¨μ‰¬κ³  μλ” μ μ£Ό μ‹ λΌνΈν…”.', '064-735-5114', NOW(), 4,800, 'new_hotel_1.jpg', 'new_hotel_2.jpg', 'new_hotel_3.jpg', 'new_hotel_4.jpg', 'new_hotel_5.jpg');

INSERT INTO tbl_acm (acm_location, acm_name, acm_adress , acm_price, acm_info, acm_phone,regist_date, max_guest,liked_count, acm_photo1, acm_photo2, acm_photo3, acm_photo4, acm_photo5)
VALUES ('μ μ£Ό','ν•΄λΉ„μΉ νΈν…” & λ¦¬μ΅°νΈ μ μ£Ό','μ μ£ΌνΉλ³„μμΉλ„ μ„κ·€ν¬μ‹ ν‘μ„ λ©΄ λ―Όμ†ν•΄μ•λ΅ 537', 250000, '''ν•΄κ°€ μ²μ λΉ„μ¶”λ” κ³³''μ΄λΌλ” λ»μ ν•΄λΉ„μΉ νΈν…”μ•¤λ“λ¦¬μ΅°νΈλ” λ•λ¬»μ§€ μ•μ€ μμ—° κ·Έλ€λ΅μ μ μ£Όμ™€ μ—λ©”λ„λ“λΉ› λ°”λ‹¤κ°€ ν•λμ— νΌμ³μ§€λ” μ•„λ¦„λ‹¤μ΄ κ³³μ— μ„μΉν•κ³  μμµλ‹λ‹¤.', '064-780-8100', NOW(), 4,800, 'new_hotel_1.jpg', 'new_hotel_2.jpg', 'new_hotel_3.jpg', 'new_hotel_4.jpg', 'new_hotel_5.jpg');

INSERT INTO tbl_acm (acm_location, acm_name, acm_adress , acm_price, acm_info, acm_phone,regist_date, max_guest,liked_count, acm_photo1, acm_photo2, acm_photo3, acm_photo4, acm_photo5)
VALUES ('μ μ£Ό','λ΅―λ° νΈν…” μ μ£Ό','μ μ£ΌνΉλ³„μμΉλ„ μ„κ·€ν¬μ‹ μ¤‘λ¬Έκ΄€κ΄‘λ΅72λ²κΈΈ 35', 250000, 'λ΅―λ°νΈν…” μ μ£Όλ” μ–Έμ λ‚ λ‚΄ μ§‘κ³Ό κ°™μ€ νΈμ•ν•¨κ³Ό μ•„λ‘ν•¨μ„ μ κ³µν•©λ‹λ‹¤.', '064-731-1000', NOW(), 4,800, 'new_hotel_1.jpg', 'new_hotel_2.jpg', 'new_hotel_3.jpg', 'new_hotel_4.jpg', 'new_hotel_5.jpg');

INSERT INTO tbl_acm (acm_location, acm_name, acm_adress , acm_price, acm_info, acm_phone,regist_date, max_guest,liked_count, acm_photo1, acm_photo2, acm_photo3, acm_photo4, acm_photo5)
VALUES ('μ μ£Ό','λ΅―λ° νΈν…” μ μ£Ό','μ μ£ΌνΉλ³„μμΉλ„ μ„κ·€ν¬μ‹ μ¤‘λ¬Έκ΄€κ΄‘λ΅72λ²κΈΈ 35', 250000, 'λ΅―λ°νΈν…” μ μ£Όλ” μ–Έμ λ‚ λ‚΄ μ§‘κ³Ό κ°™μ€ νΈμ•ν•¨κ³Ό μ•„λ‘ν•¨μ„ μ κ³µν•©λ‹λ‹¤.', '064-731-1000', NOW(), 4,800, 'new_hotel_1.jpg', 'new_hotel_2.jpg', 'new_hotel_3.jpg', 'new_hotel_4.jpg', 'new_hotel_5.jpg');
-- π“ μ „λΌ μ§€μ—­ νΈν…” λ°μ΄ν„°

-- π“ κ²½μƒ μ§€μ—­ νΈν…” λ°μ΄ν„°

-- π“ λ‹¤μ μ‹ κ· μ™μ† IDλ¥Ό 31λ¶€ν„° μ‹μ‘ν•λ„λ΅ μ„¤μ •
