INSERT INTO tbl_member (member_code, member_id, member_name, email, password, phone_no, join_date, email_verified, is_locked)
VALUES (1,'admin', 'admin', 'admin@naver.com', '8c6976e5b5410415bde908bd4dee15dfb167a9c873fc4bb8a81f6f2ab448a918', NULL, NOW(), TRUE, FALSE);

INSERT INTO tbl_member (member_code, member_id, member_name, email, password, phone_no, join_date, email_verified, is_locked)
VALUES (101,'member01', 'κΉ€κ±΄μ°', 'gunwoo@naver.com', '9b8769a4a742959a2d0298c36fb70623f2dfacda8436237df08d8dfd5b37374c', '010-3868-8803', NOW(), FALSE, FALSE);

INSERT INTO tbl_member (member_code, member_id, member_name, email, password, phone_no, join_date, email_verified, is_locked)
VALUES (102,'member02', 'κΉ€λ‚μ', 'nayoung@naver.com', '9b8769a4a742959a2d0298c36fb70623f2dfacda8436237df08d8dfd5b37374c', '016-3494-8126', NOW(), FALSE, FALSE);

INSERT INTO tbl_member (member_code, member_id, member_name, email, password, phone_no, join_date, email_verified, is_locked)
VALUES (103,'member03', 'λ°•μ†΅μ΄', 'songyi@naver.com', '9b8769a4a742959a2d0298c36fb70623f2dfacda8436237df08d8dfd5b37374c', '011-1190-2653', NOW(), FALSE, FALSE);

INSERT INTO tbl_member (member_code, member_id, member_name, email, password, phone_no, join_date, email_verified, is_locked)
VALUES (104,'member04', 'λ°•μ„±ν„', 'sunghyun@naver.com', '9b8769a4a742959a2d0298c36fb70623f2dfacda8436237df08d8dfd5b37374c', '011-2245-7620', NOW(), FALSE, FALSE);

INSERT INTO tbl_member (member_code, member_id, member_name, email, password, phone_no, join_date, email_verified, is_locked)
VALUES (105,'member05', 'μ΅°μλ―Ό', 'sumin@naver.com', '9b8769a4a742959a2d0298c36fb70623f2dfacda8436237df08d8dfd5b37374c', '011-7339-7957', NOW(), FALSE, FALSE);

INSERT INTO tbl_member (member_code, member_id, member_name, email, password, phone_no, join_date, email_verified, is_locked)
VALUES (106,'member06', 'ν—μ•„λ¦„', 'areum@daum.net', '9b8769a4a742959a2d0298c36fb70623f2dfacda8436237df08d8dfd5b37374c', '016-4814-3905', NOW(), FALSE, FALSE);

INSERT INTO tbl_roles (role_code, role_name) VALUES (1, 'ADMIN');
INSERT INTO tbl_roles (role_code, role_name) VALUES (2, 'member');

INSERT INTO tbl_member_roles (member_code, role_code) VALUES (1, 1);
INSERT INTO tbl_member_roles (member_code, role_code) VALUES (1, 2);

INSERT INTO tbl_member_roles (member_code, role_code) VALUES (101, 2);
INSERT INTO tbl_member_roles (member_code, role_code) VALUES (102, 2);
INSERT INTO tbl_member_roles (member_code, role_code) VALUES (103, 2);
INSERT INTO tbl_member_roles (member_code, role_code) VALUES (104, 2);
INSERT INTO tbl_member_roles (member_code, role_code) VALUES (105, 2);
INSERT INTO tbl_member_roles (member_code, role_code) VALUES (106, 2);

ALTER TABLE tbl_member AUTO_INCREMENT = 107;

-- π“ μ„μΈ/κ²½κΈ° νΈν…” λ°μ΄ν„°
INSERT INTO tbl_acm (acm_location, acm_name, acm_address , acm_price, acm_info, acm_phone,regist_date, max_guest,liked_count, acm_photo1, acm_photo2, acm_photo3, acm_photo4, acm_photo5)
VALUES('μ„μΈ/κ²½κΈ°', 'λ΅―λ°νΈν…” μ„μΈ', 'μ„μΈνΉλ³„μ‹ μ¤‘κµ¬ μ„μ§€λ΅ 30', 150000,
       'λ΅―λ°νΈν…” μ„μΈμ€ μµκ³ μ νΈμ•ν•¨κ³Ό μ„λΉ„μ¤λ¥Ό μ κ³µν•©λ‹λ‹¤.',  '02-771-1000', NOW(), 3, 403,
       '/image/acm/seoul/lotte1.jpg',
       '/image/acm/seoul/lotte2.jpg',
       '/image/acm/seoul/lotte3.jpg',
       '/image/acm/seoul/lotte4.jpg',
       '/image/acm/seoul/lotte5.jpg');

INSERT INTO tbl_acm (acm_location, acm_name, acm_address , acm_price, acm_info, acm_phone,regist_date, max_guest,liked_count, acm_photo1, acm_photo2, acm_photo3, acm_photo4, acm_photo5)
VALUES('μ„μΈ/κ²½κΈ°', 'μ‹ λΌνΈν…” μ„μΈ','μ„μΈνΉλ³„μ‹ μ¤‘κµ¬ λ™νΈλ΅ 249', 250000,
       'μ‹ λΌνΈν…” μ„μΈμ€ μµκ³ μ νΈμ•ν•¨κ³Ό μ„λΉ„μ¤λ¥Ό μ κ³µν•©λ‹λ‹¤.', '02-2233-3131', NOW(), 6, 540,
       '/image/acm/seoul/shila.jpg',
       '/image/acm/seoul/shila2.jpg',
       '/image/acm/seoul/shila3.jpg',
       '/image/acm/seoul/shila4.jpg',
       '/image/acm/seoul/shila5.png'
      );

INSERT INTO tbl_acm (acm_location, acm_name, acm_address , acm_price, acm_info, acm_phone,regist_date, max_guest,liked_count, acm_photo1, acm_photo2, acm_photo3, acm_photo4, acm_photo5)
VALUES('μ„μΈ/κ²½κΈ°', 'μ›¨μ¤ν‹΄μ΅°μ„  μ„μΈ', 'μ„μΈνΉλ³„μ‹ μ¤‘κµ¬ λ™νΈλ΅ 249', 200000,
       'μ›¨μ¤ν‹΄μ΅°μ„  μ„μΈμ€ μµκ³ μ νΈμ•ν•¨κ³Ό μ„λΉ„μ¤λ¥Ό μ κ³µν•©λ‹λ‹¤.', '02-2233-3131', NOW(), 4,78,
       '/image/acm/seoul/josun1.jpg',
       '/image/acm/seoul/josun2.jpg',
       '/image/acm/seoul/josun3.jpg',
       '/image/acm/seoul/josun4.jpg',
       '/image/acm/seoul/josun5.jpg');


INSERT INTO tbl_acm (acm_location, acm_name, acm_address , acm_price, acm_info, acm_phone,regist_date, max_guest,liked_count, acm_photo1, acm_photo2, acm_photo3, acm_photo4, acm_photo5)
VALUES('μ„μΈ/κ²½κΈ°', 'μ†΅μ•”μ¤νμ΄μ¤μ„Όν„°', 'κ²½κΈ°λ„ μ–‘μ£Όμ‹ μ¥ν¥λ©΄ κ¶μ¨λ΅185λ²κΈΈ 103',63000,
       'μ†΅μ•” μ¤νμ΄μ¤μ„Όν„°λ” μµκ³ μ νΈμ•ν•¨κ³Ό μ„λΉ„μ¤λ¥Ό μ κ³µν•©λ‹λ‹¤.', '031-894-6000', NOW(), 2, 87,
       '/image/acm/seoul/space1.jpg',
       '/image/acm/seoul/space2.jpg',
       '/image/acm/seoul/space3.jpg',
       '/image/acm/seoul/space4.jpg',
       '/image/acm/seoul/space5.jpg'
      );

INSERT INTO tbl_acm (acm_location, acm_name, acm_address , acm_price, acm_info, acm_phone,regist_date, max_guest,liked_count, acm_photo1, acm_photo2, acm_photo3, acm_photo4, acm_photo5)
VALUES ('μ„μΈ/κ²½κΈ°', 'ν™μ¦μ¤ν…μ΄ μμ›', 'κ²½κΈ° μμ›μ‹ ν”λ‹¬κµ¬ μΈκ³„λ΅ 116',54000,
        'ν™μ¦μ¤ν…μ΄ μμ›μ—μ„ μ‚¶μ„ ν’μ”λ΅­κ² ν•λ” λ‹¤μ±„λ΅μ΄ κ²½ν—μ μ‹κ°„μ„ λ„λ¦¬μ„Έμ”.', '031-233-0338', NOW(),2, 32,
        '/image/acm/seoul/suwon.jpg',
        '/image/acm/seoul/suwon2.jpg',
        '/image/acm/seoul/suwon3.jpg',
        '/image/acm/seoul/suwon4.jpg',
        '/image/acm/seoul/suwon5.jpg'
       );

-- π“ μ¶©μ²­ μ§€μ—­ νΈν…” λ°μ΄ν„°
INSERT INTO tbl_acm (acm_location, acm_name, acm_address , acm_price, acm_info, acm_phone,regist_date, max_guest,liked_count, acm_photo1, acm_photo2, acm_photo3, acm_photo4, acm_photo5)
VALUES ('μ¶©μ²­', 'λ΅―λ°λ¦¬μ΅°νΈ λ¶€μ—¬', 'μ¶©λ‚¨ λ¶€μ—¬κµ° κ·μ•”λ©΄ λ°±μ λ¬Έλ΅ 400',137800,
        'λ¶€μ—¬μ μ—­μ‚¬μ™€ λ¬Έν™”λ¥Ό μ²΄ν—ν•  μ μλ” κ³ κΈ‰ λ¦¬μ΅°νΈλ΅, κ°€μ΅± λλ” μ—°μΈκ³Ό νΉλ³„ν• μ¶”μ–µμ„ λ§λ“¤ μ μμµλ‹λ‹¤.', '010-1200-9616', NOW(), 6, 501,
        '/image/acm/chuncheong/buyeo1.jpg',
        '/image/acm/chuncheong/buyeo2.jpg',
        '/image/acm/chuncheong/buyeo3.jpg',
        '/image/acm/chuncheong/buyeo4.jpg',
        '/image/acm/chuncheong/buyeo.jpg'
       );


INSERT INTO tbl_acm (acm_location, acm_name, acm_address , acm_price, acm_info, acm_phone,regist_date, max_guest,liked_count, acm_photo1, acm_photo2, acm_photo3, acm_photo4)
VALUES ('μ¶©μ²­', 'μ‹ λΌμ¤ν…μ΄ μ²μ•', 'μ¶©λ‚¨ μ²μ•μ‹ μ„λ¶κµ¬ λ™μ„λ€λ΅ 177',137800,
        'λΉ„μ¦λ‹μ¤μ™€ κ΄€κ΄‘ λ¨λ‘μ— μ ν•©ν• ν„λ€μ μΈ μ‹μ„¤μ„ κ°–μ¶ νΈν…”μ…λ‹λ‹¤. ', '041-415-9000', NOW(), 6, 501,
        '/image/acm/chuncheong/shilla1.jpg',
        '/image/acm/chuncheong/shilla2.jpg',
        '/image/acm/chuncheong/shilla3.jpg',
        '/image/acm/chuncheong/shilla4.jpg'
       );

INSERT INTO tbl_acm (acm_location, acm_name, acm_address , acm_price, acm_info, acm_phone,regist_date, max_guest,liked_count, acm_photo1, acm_photo2, acm_photo3, acm_photo4)
VALUES ('μ¶©μ²­', 'μ†”λΌκ³  λ¦¬μ΅°νΈ νƒμ•', 'μ¶©λ‚¨ νƒμ•κµ° νƒμ•μ κΈ°μ—…λ„μ‹9κΈΈ 205 μ†”λΌκ³ λ¦¬μ΅°νΈ', 239000,
        'μ•„λ¦„λ‹¤μ΄ ν•΄μ•μ„ μ„ λ”°λΌ μ„μΉν• λ¦¬μ΅°νΈλ΅, λ‹¤μ–‘ν• λ μ € μ‹μ„¤μ„ μ κ³µν•©λ‹λ‹¤. ', '041-670-8887', NOW(), 12, 640,
        '/image/acm/chuncheong/solago1.jpg',
        '/image/acm/chuncheong/solago1.jpg',
        '/image/acm/chuncheong/solago1.jpg',
        '/image/acm/chuncheong/solago1.jpg'
       );

INSERT INTO tbl_acm (acm_location, acm_name, acm_address , acm_price, acm_info, acm_phone,regist_date, max_guest,liked_count, acm_photo1, acm_photo2, acm_photo3, acm_photo4, acm_photo5)
VALUES ('μ¶©μ²­', 'μ¤λ¬΄μ•„λ¬΄μ•„ ν’€λΉλΌ λ‹¨μ–‘', 'μ¶©λ¶ λ‹¨μ–‘κµ° λ€κ°•λ©΄ κ΄΄ν‰λ¦¬ 164', 221000,
        'μμ—° μ† ν•μ ν• μ‹κ³¨λ§μ„μ— μ„μΉν• λ…μ±„ ν’€λΉλΌλ΅, μ΄ λ‹¤μ„― κ°μ λ³µμΈµ κ°μ‹¤μ΄ μμΌλ©°, κ° κ°μ‹¤λ³„λ΅ ν”„λΌμ΄λΉ—ν• μ•Όμ™Έμ •μ›κ³Ό 4κ³„μ  μ•Όμ™Έ μ¨μ ν’€μ΄ κ°–μ¶”μ–΄μ Έ μμµλ‹λ‹¤. ', '0507-1497-1555', NOW(), 4, 50,
        '/image/acm/chuncheong/omuamua1.jpg',
        '/image/acm/chuncheong/omuamua1.jpg',
        '/image/acm/chuncheong/omuamua1.jpg',
        '/image/acm/chuncheong/omuamua1.jpg',
        '/image/acm/chuncheong/omuamua1.jpg'
       );

INSERT INTO tbl_acm (acm_location, acm_name, acm_address , acm_price, acm_info, acm_phone,regist_date, max_guest,liked_count, acm_photo1, acm_photo2, acm_photo3, acm_photo4, acm_photo5)
VALUES ('μ¶©μ²­', 'ν•μ¥μ¤ν…μ΄ μ—° μ²­μ£Ό', 'μ¶©λ¶ μ²­μ£Όμ‹ μ²­μ›κµ¬ μ¤μ°½μ λ―Έλμ§€λ΅ 71-67 ν•μ¥μ¤ν…μ΄μ—°', 68000,
        'μ²­μ£Όμ‹ μ¤μ°½μ λ―Έλμ§€ ν…λ§κ³µμ›μ— μ„μΉν• ν•μ¥μ¤ν…μ΄λ΅, μ „ν†µμ μ•„λ¦„λ‹¤μ›€κ³Ό ν•μ¥μ ν‰μ¨ν• ν΄μ‹μ„ μ¦κΈΈ μ μλ” λ…μ±„ κ³µκ°„μ…λ‹λ‹¤. ', '043-212-8959', NOW(), 6, 89,
        '/image/acm/chuncheong/yeon1.jpg',
        '/image/acm/chuncheong/yeon1.jpg',
        '/image/acm/chuncheong/yeon1.jpg',
        '/image/acm/chuncheong/yeon1.jpg',
        '/image/acm/chuncheong/yeon1.jpg'
       );

-- π“ κ°•μ› μ§€μ—­ νΈν…” λ°μ΄ν„°
INSERT INTO tbl_acm (acm_location, acm_name, acm_address , acm_price, acm_info, acm_phone,regist_date, max_guest,liked_count, acm_photo1, acm_photo2, acm_photo3, acm_photo4, acm_photo5)
VALUES ('κ°•μ›', 'κ°•λ¦‰ μ¤μ…λ·° νΈν…”', 'κ°•μ›λ„ κ°•λ¦‰μ‹ ν•΄λ³€λ΅ 123', 120000,
        'λ™ν•΄μ μ•„λ¦„λ‹¤μ΄ μ „κ²½μ„ κ°μƒν•λ©° λ­μ…”λ¦¬ν• ν΄μ‹μ„ μ¦κΈΈ μ μλ” μµκ³ μ ν•΄μ•κ°€ νΈν…”μ…λ‹λ‹¤.', '033-123-4567', NOW(), 4, 77,
        '/image/acm/gangwon/gangreung1.jpg',
        '/image/acm/gangwon/gangreung1.jpg',
        '/image/acm/gangwon/gangreung1.jpg',
        '/image/acm/gangwon/gangreung1.jpg',
        '/image/acm/gangwon/gangreung1.jpg'
       );

INSERT INTO tbl_acm (acm_location, acm_name, acm_address , acm_price, acm_info, acm_phone,regist_date, max_guest,liked_count, acm_photo1, acm_photo2, acm_photo3, acm_photo4, acm_photo5)
VALUES ('κ°•μ›', 'μ¶μ² ν•μ¥ μ¤ν…μ΄', 'κ°•μ›λ„ μ¶μ²μ‹ ν•μ¥κΈΈ 45', 90000,
        'μ „ν†µ ν•μ¥ μ²΄ν—μ΄ κ°€λ¥ν•, μ •μ›μ΄ μ•„λ¦„λ‹¤μ΄ ν•μ¥ μ¤ν…μ΄μ…λ‹λ‹¤.', '033-987-6543', NOW(), 4, 102,
        '/image/acm/gangwon/chuncheon1.jpg',
        '/image/acm/gangwon/chuncheon1.jpg',
        '/image/acm/gangwon/chuncheon1.jpg',
        '/image/acm/gangwon/chuncheon1.jpg',
        '/image/acm/gangwon/chuncheon1.jpg'
       );

INSERT INTO tbl_acm (acm_location, acm_name, acm_address , acm_price, acm_info, acm_phone,regist_date, max_guest,liked_count, acm_photo1, acm_photo2, acm_photo3, acm_photo4, acm_photo5)
VALUES ('κ°•μ›', 'ν‰μ°½ μ¤ν‚¤ λ¦¬μ΅°νΈ', 'κ°•μ›λ„ ν‰μ°½κµ° μ¬λ¦Όν”½λ΅ 567', 250000,
        'ν‰μ°½ μ¤ν‚¤ λ¦¬μ΅°νΈλ” μ„Έκ³„μ μΈ μμ¤€μ μ¬λ΅ν”„μ™€ μ•„λ¦„λ‹¤μ΄ μ„¤κ²½μ„ μλ‘ν•λ” λ€ν•λ―Όκµ­ μµκ³ μ κ²¨μΈ μ¤ν¬μΈ  λ…μ†μ…λ‹λ‹¤.', '033-567-8901', NOW(), 4, 77,
        '/image/acm/gangwon/pyungchang1.jpg',
        '/image/acm/gangwon/pyungchang1.jpg',
        '/image/acm/gangwon/pyungchang1.jpg',
        '/image/acm/gangwon/pyungchang1.jpg',
        '/image/acm/gangwon/pyungchang1.jpg'
       );

INSERT INTO tbl_acm (acm_location, acm_name, acm_address , acm_price, acm_info, acm_phone,regist_date, max_guest,liked_count, acm_photo1, acm_photo2, acm_photo3, acm_photo4)
VALUES ('κ°•μ›', 'μ†μ΄ λ°”λ‹¤ νμ…', 'κ°•μ›λ„ μ†μ΄μ‹ ν•΄λ³€κΈΈ 89', 70000,
        'μ†μ΄ λ°”λ‹¤ νμ…μ€ ν‘Έλ¥Έ λ™ν•΄λ¥Ό ν•λμ— λ‹΄μ„ μ μλ” μ¤μ…λ·° μ™μ†λ΅, μ—¬μ λ΅μ΄ ν΄μ‹κ³Ό κ°μ„±μ μΈ νλ§μ„ μ„ μ‚¬ν•©λ‹λ‹¤.', '033-432-1098', NOW(), 4, 77,
        '/image/acm/gangwon/sokcho1.jpg',
        '/image/acm/gangwon/sokcho1.jpg',
        '/image/acm/gangwon/sokcho1.jpg',
        '/image/acm/gangwon/sokcho1.jpg'
       );

INSERT INTO tbl_acm (acm_location, acm_name, acm_address , acm_price, acm_info, acm_phone,regist_date, max_guest,liked_count, acm_photo1, acm_photo2, acm_photo3, acm_photo4, acm_photo5)
VALUES ('κ°•μ›', 'ν™μ² μΊ ν•‘ κΈ€λ¨ν•‘', 'κ°•μ›λ„ ν™μ²κµ° μ‚°μ†κΈΈ 321', 150000,
        'μ²­μ • μμ—° μ†μ—μ„ μΊ ν•‘μ μμ λ΅μ›€κ³Ό κΈ€λ¨ν•‘μ νΈμ•ν•¨μ„ λ™μ‹μ— μ¦κΈΈ μ μλ” νλ§ λ…μ†μ…λ‹λ‹¤.', '033-321-6547', NOW(), 4, 77,
        '/image/acm/gangwon/hongcheon1.jpg',
        '/image/acm/gangwon/hongcheon1.jpg',
        '/image/acm/gangwon/hongcheon1.jpg',
        '/image/acm/gangwon/hongcheon1.jpg',
        '/image/acm/gangwon/hongcheon1.jpg'
       );

-- π“ μ μ£Ό μ§€μ—­ νΈν…” λ°μ΄ν„°
INSERT INTO tbl_acm (acm_location, acm_name, acm_address , acm_price, acm_info, acm_phone,regist_date, max_guest,liked_count, acm_photo1, acm_photo2, acm_photo3)
VALUES ('μ μ£Ό', 'λ΅―λ°νΈν…” μ μ£Ό', 'μ μ£ΌνΉλ³„μμΉλ„ μ„κ·€ν¬μ‹ μ¤‘λ¬Έκ΄€κ΄‘λ΅72λ²κΈΈ 35', 250000,
        'λ΅―λ°νΈν…” μ μ£Όλ” μ–Έμ λ‚ λ‚΄ μ§‘κ³Ό κ°™μ€ νΈμ•ν•¨κ³Ό μ•„λ‘ν•¨μ„ μ κ³µν•©λ‹λ‹¤.',
        '064-731-1000', NOW(), 4, 800,
        '/image/acm/jeju/jeju-hotel.jpg',
        '/image/acm/jeju/jeju-hotel2.jpg',
        '/image/acm/jeju/din-LTJE.jpg'
       );

INSERT INTO tbl_acm (acm_location, acm_name, acm_address , acm_price, acm_info, acm_phone,regist_date, max_guest,liked_count, acm_photo1, acm_photo2, acm_photo3)
VALUES ('μ μ£Ό','μ μ£Ό μ‹ λΌνΈν…”','μ μ£ΌνΉλ³„μμΉλ„ μ„κ·€ν¬μ‹ νΉλ³„μμΉλ„, μ¤‘λ¬Έκ΄€κ΄‘λ΅72λ²κΈΈ 75', 250000,
        'λ‚΄ μ§‘κ³Ό κ°™μ€ νΈμ•ν•¨μΌλ΅ κ³µκ°„ μ΄μƒμ κ°€μΉκ°€ μ¨μ‰¬κ³  μλ” μ μ£Ό μ‹ λΌνΈν…”.',
        '064-735-5114', NOW(), 4,800,
        '/image/acm/jeju/sinla.jpg',
        '/image/acm/jeju/sinla2.jpg',
        '/image/acm/jeju/sinla3.jpg'
       );

INSERT INTO tbl_acm (acm_location, acm_name, acm_address , acm_price, acm_info, acm_phone,regist_date, max_guest,liked_count, acm_photo1, acm_photo2, acm_photo3 , acm_photo4)
VALUES ('μ μ£Ό','ν•΄λΉ„μΉ νΈν…” & λ¦¬μ΅°νΈ μ μ£Ό','μ μ£ΌνΉλ³„μμΉλ„ μ„κ·€ν¬μ‹ ν‘μ„ λ©΄ λ―Όμ†ν•΄μ•λ΅ 537', 250000,
        '''ν•΄κ°€ μ²μ λΉ„μ¶”λ” κ³³''μ΄λΌλ” λ»μ ν•΄λΉ„μΉ νΈν…”μ•¤λ“λ¦¬μ΅°νΈλ” λ•λ¬»μ§€ μ•μ€ μμ—° κ·Έλ€λ΅μ μ μ£Όμ™€ μ—λ©”λ„λ“λΉ› λ°”λ‹¤κ°€ ν•λμ— νΌμ³μ§€λ” μ•„λ¦„λ‹¤μ΄ κ³³μ— μ„μΉν•κ³  μμµλ‹λ‹¤.',
        '064-780-8100', NOW(), 4,800,
        '/image/acm/jeju/haevichi-jeju.jpg',
        '/image/acm/jeju/haevichi-jeju2.jpg',
        '/image/acm/jeju/haevichi-jeju3.jpg',
        '/image/acm/jeju/havichi-jeju4.jpg' );

INSERT INTO tbl_acm (acm_location, acm_name, acm_address , acm_price, acm_info, acm_phone,regist_date, max_guest,liked_count, acm_photo1, acm_photo2, acm_photo3)
VALUES ('μ μ£Ό','λ©”μΆ… κΈ€λλ“ μ μ£Ό','μ μ£Όμ‹ KRνΉλ³„μμΉλ„ μ μ£Όμ‹ μ—°λ™ λ…Έμ—°λ΅ 80', 250000,
        'νΈλ¦¬ν•κ³  νΈμ•ν•κ² μ λ€λ΅ μ¦κΈ°λ” μ μ£Ό, λ„κµ¬λ³΄λ‹¤ μ μ£Όλ¥Ό λ” μ μ•„λ” μ‚¬λλ“¤μ΄ μƒ‰λ‹¤λ¥Έ λ¨Έλ¬΄λ¦„μ„ μ„ν•΄ λ§λ“  λ©”μΆ… κΈ€λλ“ μ μ£Όμ—μ„ ν–‰λ³µν• μ¶”μ–µμ„ λ§λ“¤ μ μμ„ κ²ƒ μ…λ‹λ‹¤.',
        '064-747-4900', NOW(), 4,800,
        '/image/acm/jeju/MAISON_GLAD_JEJU.jpg',
        '/image/acm/jeju/MAISON_GLAD_JEJU2.jpg',
        '/image/acm/jeju/MAISON_GLAD_JEJU3.jpg'
       );

INSERT INTO tbl_acm (acm_location, acm_name, acm_address , acm_price, acm_info, acm_phone,regist_date, max_guest,liked_count, acm_photo1, acm_photo2, acm_photo3)
VALUES ('μ μ£Ό','κ·Έλλ“ ν•μ–νΈ μ μ£Ό','μ μ£ΌνΉλ³„μμΉλ„ μ μ£Όμ‹ λ…Έμ—°λ΅ 12', 250000,
        'μ μ£Ό μ‹λ‚΄ μ¤‘μ‹¬μ— μ„μΉν• λλ“λ§ν¬ μ μ£Ό λ“λ¦Όνƒ€μ›μ—μ„ λ¨λ μ½”λ¦¬μ• λΌμ΄ν”„ μ¤νƒ€μΌμ„ κ²½ν—ν•μ„Έμ”.',
        '064-907-1234', NOW(), 4,800,
        '/image/acm/jeju/GrandHyatt.jpg',
        '/image/acm/jeju/GrandHyatt2.jpg',
        '/image/acm/jeju/GrandHyatt4.jpg'
       );
-- π“ μ „λΌ μ§€μ—­ νΈν…” λ°μ΄ν„°

INSERT INTO tbl_acm (acm_location, acm_name, acm_address , acm_price, acm_info, acm_phone,regist_date, max_guest,liked_count, acm_photo1, acm_photo2, acm_photo3 , acm_photo4)
VALUES ('μ „λΌ','μ λΉ„μΉ νΈν…”μ•¤λ¦¬μ΅°νΈ','μ§„λ„ μ „λΌλ‚¨λ„ μ§„λ„κµ° μμ‹ λ©΄ μ†΅κµ°κΈΈ 30-40', 250000,
        'μ–Έμ λ‚ μµμƒμ μ„λΉ„μ¤λ¥Ό μ κ³µν•΄λ“λ¦¬κ³  ν–‰λ³µν• μ¶”μ–µμ„ λ§λ“¤ μ μλ” μ¥μ†, μ λΉ„μΉμ…λ‹λ‹¤.',
        '061-123-4567', NOW(), 4,800,
        '/image/acm/jeonla/solbeach1.jpg',
        '/image/acm/jeonla/solbeach2.jpg',
        '/image/acm/jeonla/solbeach3.jpg',
        '/image/acm/jeonla/solbeach4.jpg'
       );

INSERT INTO tbl_acm (acm_location, acm_name, acm_address , acm_price, acm_info, acm_phone,regist_date, max_guest,liked_count, acm_photo1, acm_photo2, acm_photo3 , acm_photo4)
VALUES ('μ „λΌ','μ†λ…Έλ²¨ λ³€μ‚°','λ¶€μ•κµ° λ³€μ‚°λ©΄ λ³€μ‚°ν•΄λ³€λ΅ 51', 250000,
        'λ³€μ‚°λ°λ„μ μ•„λ¦„λ‹¤μ΄ ν•΄λ³€κ³Ό ν•¨κ» μ—¬μ λ΅μ΄ ν΄μ‹μ„ μ¦κΈΈ μ μλ” κ°€μ΅± μΉν™”ν• λ¦¬μ΅°νΈμ…λ‹λ‹¤.',
        '063-123-4567', NOW(), 4,800,
        '/image/acm/jeonla/sonobell1.jpg',
        '/image/acm/jeonla/sonobell2.jpg',
        '/image/acm/jeonla/sonobell3.jpg',
        '/image/acm/jeonla/sonobell4.jpg'
       );

INSERT INTO tbl_acm (acm_location, acm_name, acm_address , acm_price, acm_info, acm_phone,regist_date, max_guest,liked_count, acm_photo1, acm_photo2, acm_photo3)
VALUES ('μ „λΌ','μ†λ…ΈμΊ„ μ—¬μ','μ „λΌλ‚¨λ„ μ—¬μμ‹ μ¤λ™λ„λ΅ 111', 250000,
        'μ—¬μ λ°¤λ°”λ‹¤μ ν™μƒμ μΈ μ „λ§κ³Ό λ­μ…”λ¦¬ν• μ„λΉ„μ¤λ¥Ό μ κ³µν•λ” κ³ ν’κ²© νΈν…”μ…λ‹λ‹¤.',
        '061-123-4568', NOW(), 4,800,
        '/image/acm/jeonla/sonocam1.jpg',
        '/image/acm/jeonla/sonocam2.jpg',
        '/image/acm/jeonla/sonocam3.jpg'
       );

INSERT INTO tbl_acm (acm_location, acm_name, acm_address , acm_price, acm_info, acm_phone,regist_date, max_guest,liked_count, acm_photo1, acm_photo2, acm_photo3 , acm_photo4)
VALUES ('μ „λΌ','ν™€λ¦¬λ°μ΄ μΈ κ΄‘μ£ΌνΈν…”','κ΄‘μ£Όκ΄‘μ—­μ‹ μ„κµ¬ μƒλ¬΄λ„λ¦¬λ΅ 55', 250000,
        'κ΄‘μ£Όμ μ¤‘μ‹¬μ—μ„ μ„Έλ ¨λ κ°μ‹¤κ³Ό νΈλ¦¬ν• μ ‘κ·Όμ„±μ„ κ°–μ¶ λΉ„μ¦λ‹μ¤ λ° κ΄€κ΄‘κ°μ„ μ„ν• νΈν…”μ…λ‹λ‹¤.',
        '062-610-7000', NOW(), 4,800,
        '/image/acm/jeonla/holyday1.jpg',
        '/image/acm/jeonla/holyday2.jpg',
        '/image/acm/jeonla/holyday3.jpg',
        '/image/acm/jeonla/holyday4.jpg'
       );


VALUES ('μ „λΌ','λ² μ¤νΈμ›¨μ¤ν„΄ν”λ¬μ¤ μ „μ£ΌνΈν…”','μ „λΌλ¶λ„ μ „μ£Όμ‹ μ™„μ‚°κµ¬ ν„λ¬΄1κΈΈ 4', 250000,
        'μ „μ£Ό ν•μ¥λ§μ„κ³Ό κ°€κΉμ΄ μµμ μ μ„μΉμ—μ„ νΈμ•ν• μ™λ°•μ„ μ κ³µν•λ” λ¨λν• μ¤νƒ€μΌμ νΈν…”μ…λ‹λ‹¤.',
        '063-123-4569', NOW(), 4,800,
        '/image/acm/jeonla/western1.jpg',
        '/image/acm/jeonla/western2.jpg',
        '/image/acm/jeonla/western3.jpg'
       );
-- π“ κ²½μƒ μ§€μ—­ νΈν…” λ°μ΄ν„°

INSERT INTO tbl_acm (acm_location, acm_name, acm_address , acm_price, acm_info, acm_phone,regist_date, max_guest,liked_count, acm_photo1, acm_photo2, acm_photo3 , acm_photo4,acm_photo5)
VALUES ('κ²½μƒ','κ·Έλλ“ λ¨Ένμ–΄ μ•°λ°°μ„λ”','μ°½μ›  κ²½μƒλ‚¨λ„ μ°½μ›μ‹ μμ°½κµ¬ μ›μ΄λ€λ΅ 332', 250000,
        'ν’κ²© μλ” μ„λΉ„μ¤μ™€ λ¨λν• μΈν…λ¦¬μ–΄λ¥Ό κ°–μ¶ κ³ κΈ‰ λ μ§€λμ¤ νΈν…”λ΅, μ¥κΈ° ν¬μ™κ°μ—κ² μµμ ν™”λ μ™μ†μ…λ‹λ‹¤.',
        '063-123-4569', NOW(), 4,800,
        '/image/acm/gueongsang/grand1.jpg',
        '/image/acm/gueongsang/grand2.jpg',
        '/image/acm/gueongsang/grand3.jpg',
        '/image/acm/gueongsang/grand4.jpg',
        '/image/acm/gueongsang/grand5.jpg'
       );

INSERT INTO tbl_acm (acm_location, acm_name, acm_address , acm_price, acm_info, acm_phone,regist_date, max_guest,liked_count, acm_photo1, acm_photo2, acm_photo3 , acm_photo4,acm_photo5)
VALUES ('κ²½μƒ','ν† μ”μ½”μΈ μ°½μ›','κ²½μƒλ‚¨λ„ μ°½μ›μ‹ μ„±μ‚°κµ¬ μ¤‘μ•™λ€λ΅ 93', 250000,
        'ν•©λ¦¬μ μΈ κ°€κ²©κ³Ό κΉ”λ”ν• κ°μ‹¤μ„ μ κ³µν•λ” λΉ„μ¦λ‹μ¤ νΈν…”λ΅, μ°½μ› μ¤‘μ‹¬μ—μ„ νΈλ¦¬ν• μ™λ°•μ„ μ κ³µν•©λ‹λ‹¤.',
        '055-282-1045', NOW(), 4,800,
        '/image/acm/gueongsang/toyo1.jpg',
        '/image/acm/gueongsang/toyo2.jpg',
        '/image/acm/gueongsang/toyo3.jpg',
        '/image/acm/gueongsang/toyo4.jpg',
        '/image/acm/gueongsang/toyo5.jpg'
       );

INSERT INTO tbl_acm (acm_location, acm_name, acm_address , acm_price, acm_info, acm_phone,regist_date, max_guest,liked_count, acm_photo1, acm_photo2, acm_photo3 , acm_photo4,acm_photo5)
VALUES ('κ²½μƒ','λ§μ‚°κ΄€κ΄‘νΈν…”','κ²½μƒλ‚¨λ„ μ°½μ›μ‹ λ§μ‚°ν•©ν¬κµ¬ μμ‚°1κΈΈ 285', 250000,
        'λ§μ‚°λ§μ λ©‹μ§„ μ „λ§κ³Ό ν•¨κ» μ „ν†µμ μΈ νΈν…” μ„λΉ„μ¤κ°€ μ΅°ν™”λ¥Ό μ΄λ£¨λ” νΈμ•ν• μ™μ†μ…λ‹λ‹¤.',
        '055-123-4567', NOW(), 4,800,
        '/image/acm/gueongsang/masan1.jpg',
        '/image/acm/gueongsang/masan2.jpg',
        '/image/acm/gueongsang/masan3.jpg',
        '/image/acm/gueongsang/masan4.jpg',
        '/image/acm/gueongsang/masan5.jpg'
       );


INSERT INTO tbl_acm (acm_location, acm_name, acm_address , acm_price, acm_info, acm_phone,regist_date, max_guest,liked_count, acm_photo1, acm_photo2, acm_photo3 , acm_photo4,acm_photo5)
VALUES ('κ²½μƒ','λ΅―λ°νΈν…” κΉ€ν•΄','κ²½μƒλ‚¨λ„ κΉ€ν•΄μ‹ μ¥μ λ΅ 38λ²κΈΈ 33', 250000,
        'κΉ€ν•΄κ³µν•­κ³Ό κ°€κΉμ΄ μ„μΉμ— μλ¦¬ν• λ­μ…”λ¦¬ νΈν…”λ΅, λΉ„μ¦λ‹μ¤μ™€ μ—¬ν–‰κ° λ¨λ‘μ—κ² μµμ μ νΈμ μ‹μ„¤μ„ μ κ³µν•©λ‹λ‹¤.',
        '055-123-4568', NOW(), 4,800,
        '/image/acm/gueongsang/lotte1.jpg',
        '/image/acm/gueongsang/lotte2.jpg',
        '/image/acm/gueongsang/lotte3.jpg',
        '/image/acm/gueongsang/lotte4.jpg',
        '/image/acm/gueongsang/lotte5.jpg'
       );

INSERT INTO tbl_acm (acm_location, acm_name, acm_address , acm_price, acm_info, acm_phone,regist_date, max_guest,liked_count, acm_photo1, acm_photo2, acm_photo3 , acm_photo4,acm_photo5)
VALUES ('κ²½μƒ','STX λ¦¬μ΅°νΈ λ¬Έκ²½','κ²½μƒλ¶λ„ λ¬Έκ²½μ‹ λ†μ•”λ©΄ μ²­ν™”λ΅ 509', 250000,
        'κ°€μ¥ ν•κµ­μ μΈ κ³³ κ²½μ£Ό, μ„Έλ ¨λ κ°κ°μ μΈν…λ¦¬μ–΄ ννΌνΈν…”μ—μ„μ νΉλ³„ν• ν•λ£¨',
        '054-123-4569', NOW(), 4,800,
        '/image/acm/gueongsang/stx1.jpg',
        '/image/acm/gueongsang/stx2.jpg',
        '/image/acm/gueongsang/stx3.jpg',
        '/image/acm/gueongsang/stx4.jpg',
        '/image/acm/gueongsang/stx5.jpg'
       );

INSERT INTO tbl_cart (member_code, acm_id) VALUES
                                               (101, 101),
                                               (101, 201),
                                               (102, 202),
                                               (102, 203),
                                               (103, 101),
                                               (103, 202),
                                               (104, 203),
                                               (104, 301),
                                               (105, 303),
                                               (106, 305);


INSERT INTO tbl_pay (
    pay_id, member_code, acm_id, pay_method, pay_status, pay_type, pay_date,
    pay_price, discount, pay_ref, transaction_id, pay_provider
) VALUES
-- 1λ² κ²°μ  λ°μ΄ν„° (μΉ΄μΉ΄μ¤νμ΄, κ²°μ μ™„λ£)
(1, 101, 101, 'μΉ΄λ“κ²°μ ', 1, 'μΉ΄λ“', '2025-03-11 14:25:00',
 150000, 5000, 0, 'TID1234567890', 'KAKAO'),

(2, 102, 102, 'κ°„νΈκ²°μ ', 1, 'λ„¤μ΄λ²„νμ΄', '025-03-14 11:30:00',
 130000, 5000, 0, 'TID1122334455', 'NAVER'),

-- 2λ² κ²°μ  λ°μ΄ν„° (ν† μ¤νμ΄, κ²°μ μ·¨μ†)
(3, 103, 103, 'κ°„νΈκ²°μ ', 2, 'κ³„μΆμ΄μ²΄', '2025-03-12 10:10:00',
 200000, 5000, 200000, 'TID0987654321', 'TOSS'),

-- 3λ² κ²°μ  λ°μ΄ν„° (μ΄λ‹μ‹μ¤, ν™λ¶μ™„λ£)
(4, 104, 203, 'μΉ΄λ“κ²°μ ', 2, 'μ‹ ν•μΉ΄λ“', '2025-03-15 16:20:00',
 170000, 5000, 170000, 'TID5566778899', 'SHINHAN'),

(5, 105, 301, 'μΉ΄λ“κ²°μ ', 3, 'μΉ΄λ“', '2025-03-13 18:45:00',
 180000, 5000, 180000, 'TID5678901234', 'INICIS'),

(6, 106, 401, 'μΉ΄λ“κ²°μ ', 3, 'μΉ΄μΉ΄μ¤νμ΄', '2025-03-16 09:00:00',
 140000, 5000, 140000, 'TID7788990011', 'KAKAO');

-- κ²μ‹ν κ΄€λ ¨ dml

-- κ³µμ§€μ‚¬ν•­ (board_type = 1) 20κ°
INSERT INTO `tbl_board_posts` (`member_code`, `board_type`, `title`, `content`, `created_at`, `updated_at`) VALUES
                                                                                                                (1, 1, 'νΈν…” λ¦¬λ…Έλ² μ΄μ… μ•λ‚΄', 'μ•λ…•ν•μ„Έμ”, κ³ κ° μ—¬λ¬λ¶„! νΈν…” λ‚΄λ¶€ λ¦¬λ…Έλ² μ΄μ… κ³µμ‚¬κ°€ 2025λ…„ 4μ›” 1μΌλ¶€ν„° 4μ›” 15μΌκΉμ§€ μ§„ν–‰λ  μμ •μ…λ‹λ‹¤. μ΄ κΈ°κ°„ λ™μ• μΌλ¶€ μ‹μ„¤ μ΄μ©μ— μ ν•μ΄ μμ„ μ μμΌλ‹ μ΄μ©μ— μ°Έκ³  λ¶€νƒλ“λ¦½λ‹λ‹¤. λ¶νΈμ„ λΌμ³λ“λ ¤ μ£„μ†΅ν•©λ‹λ‹¤.', NOW(), NULL),
                                                                                                                (1, 1, 'κ°μ‹¤ μ”κΈ λ³€κ²½ μ•λ‚΄', 'λ‹¤κ°€μ¤λ” μ„±μκΈ°(2025λ…„ 7μ›” 1μΌλ¶€ν„° 8μ›” 31μΌκΉμ§€)μ— λ§μ¶° κ°μ‹¤ μ”κΈμ΄ 10% μΈμƒλ  μμ •μ…λ‹λ‹¤. μμ„Έν• λ‚΄μ©μ€ κ³µμ‹ ν™νμ΄μ§€λ¥Ό μ°Έκ³ ν•΄μ£Όμ„Έμ”. κΈ°μ΅΄ μμ•½ κ³ κ°λ‹λ“¤κ»λ” λ³€κ²½λ μ”κΈμ΄ μ μ©λμ§€ μ•μΌλ‹ μ•μ‹¬ν•μ„Έμ”.', NOW(), NULL),
                                                                                                                (1, 1, 'μμμ¥ μ΄μ© μ‹κ°„ λ³€κ²½', 'νΈν…” μμμ¥μ μ΄μ μ‹κ°„μ΄ 2025λ…„ 3μ›” 1μΌλ¶€ν„° μ΅°μ •λμ—μµλ‹λ‹¤. λ³€κ²½λ μ΄μ μ‹κ°„μ€ μ¤μ „ 8μ‹λ¶€ν„° μ¤ν›„ 10μ‹κΉμ§€μ…λ‹λ‹¤. λν• λ§¤μ£Ό μ›”μ”μΌμ€ μ •κΈ° μ²­μ†λ΅ μΈν•΄ μ¤ν›„ 1μ‹λ¶€ν„° μ΄μ© κ°€λ¥ν•©λ‹λ‹¤.', NOW(), NULL),
                                                                                                                (1, 1, 'μ‹ κ· λ μ¤ν† λ‘ μ¤ν” μ•λ‚΄', 'νΈν…” 1μΈµμ— μƒλ΅μ΄ μ΄νƒλ¦¬μ• λ μ¤ν† λ‘ "λΌ νΈλΌν† λ¦¬μ•„"κ°€ 2025λ…„ 4μ›” 20μΌ κ·Έλλ“ μ¤ν”ν•©λ‹λ‹¤. μ¤ν” κΈ°λ… μ΄λ²¤νΈλ΅ μ²« μ£Ό λ°©λ¬Έ κ³ κ°κ»λ” μ›°μ»΄ λ“λ§ν¬λ¥Ό λ¬΄λ£λ΅ μ κ³µν•΄ λ“λ¦½λ‹λ‹¤.', NOW(), NULL),
                                                                                                                (1, 1, 'μ£Όμ°¨μ¥ κ³µμ‚¬ μ•λ‚΄', 'νΈν…” μ£Όμ°¨μ¥ ν™•μ¥ κ³µμ‚¬λ΅ μΈν•΄ 2025λ…„ 5μ›” 10μΌλ¶€ν„° 5μ›” 20μΌκΉμ§€ μ£Όμ°¨ κ³µκ°„μ΄ μ ν•λ  μμ •μ…λ‹λ‹¤. ν•΄λ‹Ή κΈ°κ°„ ν¬μ™κ°κ»μ„λ” μΈκ·Ό μ ν΄ μ£Όμ°¨μ¥μ„ μ΄μ©ν•΄ μ£Όμ‹κΈ° λ°”λλ‹λ‹¤. λ¶νΈμ„ λ“λ ¤ μ£„μ†΅ν•©λ‹λ‹¤.', NOW(), NULL),
                                                                                                                (1, 1, 'μ—¬λ¦„ μ‹μ¦ μ¤νμ… ν¨ν‚¤μ§€ μ¶μ‹', '2025λ…„ μ—¬λ¦„ μ‹μ¦μ„ λ§μ•„ νΉλ³„ ν¨ν‚¤μ§€ μƒν’μ„ μ¶μ‹ν•©λ‹λ‹¤. κ°μ‹¤ 1λ°•κ³Ό μ΅°μ‹ 2μΈ, μμμ¥ λ¬΄λ£ μ΄μ©κ¶μ΄ ν¬ν•¨λ ν¨ν‚¤μ§€λ΅, 5μ›” 1μΌλ¶€ν„° μμ•½ κ°€λ¥ν•©λ‹λ‹¤. μ–Όλ¦¬λ²„λ“ μμ•½ μ‹ 10% μ¶”κ°€ ν• μΈ ννƒμ„ λ†“μΉμ§€ λ§μ„Έμ”!', NOW(), NULL),
                                                                                                                (1, 1, 'νΈν…” μ•± μ—…λ°μ΄νΈ μ•λ‚΄', 'νΈν…” λ¨λ°”μΌ μ•±μ΄ μƒλ΅­κ² μ—…λ°μ΄νΈλμ—μµλ‹λ‹¤. μ΄μ  μ•±μ„ ν†µν•΄ λ£Έμ„λΉ„μ¤ μ£Όλ¬Έ, μ‹μ„¤ μμ•½, μ²΄ν¬μΈ/μ²΄ν¬μ•„μ›ƒκΉμ§€ λ”μ± νΈλ¦¬ν•κ² μ΄μ©ν•μ‹¤ μ μμµλ‹λ‹¤. μ•±μ¤ν† μ–΄μ—μ„ μµμ‹  λ²„μ „μΌλ΅ μ—…λ°μ΄νΈν•΄ μ£Όμ„Έμ”.', NOW(), NULL),
                                                                                                                (1, 1, 'κ°μ‹¤ λ‚΄ λΉ„ν’ κµμ²΄ μ•λ‚΄', 'κ³ κ°λ‹μ λ” λ‚μ€ ν¬μ™ κ²½ν—μ„ μ„ν•΄ μ „ κ°μ‹¤μ μΉ¨κµ¬λ¥μ™€ νƒ€μ›”μ„ μΉν™κ²½ μ†μ¬λ΅ κµμ²΄ν•μ€μµλ‹λ‹¤. λν• κ°μ‹¤ λ‚΄ μ»¤ν”Όλ¨Έμ‹ λ„ μµμ‹ ν•μΌλ΅ μ—…κ·Έλ μ΄λ“λμ—μΌλ‹ νΈμ•ν• ν΄μ‹κ³Ό ν•¨κ» μ¦κ²¨λ³΄μ„Έμ”.', NOW(), NULL),
                                                                                                                (1, 1, 'νΈν…” λ©¤λ²„μ‹­ ν”„λ΅κ·Έλ¨ κ°νΈ', 'νΈν…” λ©¤λ²„μ‹­ ν”„λ΅κ·Έλ¨μ΄ 2025λ…„ 6μ›” 1μΌλ¶€ν„° μƒλ΅­κ² κ°νΈλ©λ‹λ‹¤. ν¬μΈνΈ μ λ¦½λ¥ μ΄ μƒν–¥λκ³ , λ‹¤μ–‘ν• μ ν΄μ‚¬ ννƒμ΄ μ¶”κ°€λ©λ‹λ‹¤. κΈ°μ΅΄ νμ›λ‹λ“¤μ€ μλ™μΌλ΅ μƒ ν”„λ΅κ·Έλ¨μΌλ΅ μ „ν™λλ©°, μ¶”κ°€ λ³΄λ„μ¤ ν¬μΈνΈλ„ μ§€κΈ‰λ©λ‹λ‹¤.', NOW(), NULL),
                                                                                                                (1, 1, 'μ½”λ΅λ‚19 λ°©μ—­ μ§€μΉ¨ μ•λ‚΄', 'κ³ κ°λ‹μ μ•μ „ν• ν¬μ™μ„ μ„ν•΄ μ½”λ΅λ‚19 λ°©μ—­ μ§€μΉ¨μ„ κ°•ν™”ν•μ€μµλ‹λ‹¤. λ¨λ“  κ³µμ© κ³µκ°„μ—μ„ λ§μ¤ν¬ μ°©μ©μ„ κ¶μ¥λ“λ¦¬λ©°, μ…κµ¬μ— μ†μ†λ…μ κ°€ λΉ„μΉλμ–΄ μμµλ‹λ‹¤. λν• κ°μ‹¤ μ²­μ† μ‹ UV μ‚΄κ· κΈ°λ¥Ό μ¶”κ°€λ΅ μ‚¬μ©ν•μ—¬ μ„μƒ κ΄€λ¦¬μ— λ§μ „μ„ κΈ°ν•κ³  μμµλ‹λ‹¤.', NOW(), NULL),
                                                                                                                (1, 1, 'νΈν…” μ…”ν‹€λ²„μ¤ λ…Έμ„  ν™•λ€', '2025λ…„ 4μ›”λ¶€ν„° νΈν…” μ…”ν‹€λ²„μ¤ λ…Έμ„ μ΄ ν™•λ€λ©λ‹λ‹¤. κΈ°μ΅΄ κ³µν•­ λ…Έμ„ μ— λ”ν•΄ μ£Όμ” κ΄€κ΄‘μ§€λ¥Ό μν™ν•λ” λ…Έμ„ μ΄ μ‹ μ„¤λμ–΄ λ”μ± νΈλ¦¬ν•κ² μ΄λ™ν•μ‹¤ μ μμµλ‹λ‹¤. μμ„Έν• μ΄ν–‰ μ‹κ°„ν‘λ” ν”„λ΅ νΈ λ°μ¤ν¬μ—μ„ ν™•μΈν•μ‹¤ μ μμµλ‹λ‹¤.', NOW(), NULL),
                                                                                                                (1, 1, 'κ°μ‹¤ μμ•½ μ‹μ¤ν… μ κ²€ μ•λ‚΄', 'μ‹μ¤ν… μ •κΈ° μ κ²€μΌλ΅ μΈν•΄ 2025λ…„ 3μ›” 25μΌ μ¤μ „ 2μ‹λ¶€ν„° 6μ‹κΉμ§€ μ¨λΌμΈ μμ•½ μ‹μ¤ν… μ΄μ©μ΄ μ ν•λ©λ‹λ‹¤. ν•΄λ‹Ή μ‹κ°„μ—λ” μ „ν™” μμ•½λ§ κ°€λ¥ν•μ¤λ‹ μ–‘ν•΄ λ¶€νƒλ“λ¦½λ‹λ‹¤.', NOW(), NULL),
                                                                                                                (1, 1, 'νΈν…” ν”ΌνΈλ‹μ¤ μ„Όν„° λ¦¬λ‰΄μ–Ό', 'λ” λ‚μ€ μ„λΉ„μ¤ μ κ³µμ„ μ„ν•΄ ν”ΌνΈλ‹μ¤ μ„Όν„°κ°€ 2025λ…„ 5μ›” 1μΌλ¶€ν„° 15μΌκΉμ§€ λ¦¬λ‰΄μ–Ό κ³µμ‚¬λ¥Ό μ§„ν–‰ν•©λ‹λ‹¤. κ³µμ‚¬ κΈ°κ°„ λ™μ• μΈκ·Ό μ ν΄ ν”ΌνΈλ‹μ¤ μ„Όν„°λ¥Ό λ¬΄λ£λ΅ μ΄μ©ν•μ‹¤ μ μμΌλ‹ ν”„λ΅ νΈμ— λ¬Έμν•΄ μ£Όμ„Έμ”.', NOW(), NULL),
                                                                                                                (1, 1, 'μ–΄λ¦°μ΄λ‚  νΉλ³„ μ΄λ²¤νΈ μ•λ‚΄', '2025λ…„ 5μ›” 5μΌ μ–΄λ¦°μ΄λ‚ μ„ λ§μ•„ νΈν…”μ—μ„ νΉλ³„ μ΄λ²¤νΈλ¥Ό μ§„ν–‰ν•©λ‹λ‹¤. ν‚¤μ¦ μΏ ν‚Ή ν΄λμ¤, νμ΄μ¤ νμΈν…, λ§μ  κ³µμ—° λ“± λ‹¤μ–‘ν• ν”„λ΅κ·Έλ¨μ΄ μ¤€λΉ„λμ–΄ μμΌλ‹ κ°€μ΅±κ³Ό ν•¨κ» νΉλ³„ν• μ¶”μ–µμ„ λ§λ“¤μ–΄ λ³΄μ„Έμ”.', NOW(), NULL),
                                                                                                                (1, 1, 'νΈν…” λ μ¤ν† λ‘ λ©”λ‰΄ κ°νΈ', 'κ³„μ μ λ³€ν™”μ™€ ν•¨κ» νΈν…” λ‚΄ λ¨λ“  λ μ¤ν† λ‘μ λ©”λ‰΄κ°€ μƒλ΅­κ² κ°νΈλμ—μµλ‹λ‹¤. μ§€μ—­ νΉμ‚°λ¬Όμ„ ν™μ©ν• μ‹ λ©”λ‰΄μ™€ μ‹κ·Έλ‹μ² μΉµν…μΌμ„ μ„ λ³΄μ΄λ‹ ν¬μ™ν•μ‹λ” λ™μ• μƒ‰λ‹¤λ¥Έ λ―Έμ‹ κ²½ν—μ„ μ¦κ²¨λ³΄μ„Έμ”.', NOW(), NULL),
                                                                                                                (1, 1, 'νΈν…” μ£Όλ³€ κµν†µ ν†µμ  μ•λ‚΄', 'νΈν…” μΈκ·Όμ—μ„ μ§„ν–‰λλ” λ§λΌν†¤ λ€νλ΅ μΈν•΄ 2025λ…„ 4μ›” 10μΌ μ¤μ „ 7μ‹λ¶€ν„° μ¤ν›„ 2μ‹κΉμ§€ μΌλ¶€ λ„λ΅κ°€ ν†µμ λ©λ‹λ‹¤. ν•΄λ‹Ή μ‹κ°„μ— μ²΄ν¬μΈ/μ²΄ν¬μ•„μ›ƒ μμ •μΈ κ³ κ°κ»μ„λ” κµν†µ νΌμ΅μ— μ μν•μ‹κΈ° λ°”λλ‹λ‹¤.', NOW(), NULL),
                                                                                                                (1, 1, 'κ°μ‹¤ λ‚΄ λΉ„μƒ λ€ν”Ό μ•λ‚΄λ¬Έ κ°±μ‹ ', 'κ³ κ°λ‹μ μ•μ „μ„ μ„ν•΄ κ°μ‹¤ λ‚΄ λΉ„μƒ λ€ν”Ό μ•λ‚΄λ¬Έμ΄ κ°±μ‹ λμ—μµλ‹λ‹¤. ν¬μ™ μ‹ λ°λ“μ‹ κ°μ‹¤ λ¬Έ λ’¤μ— λ¶€μ°©λ λ€ν”Ό κ²½λ΅λ¥Ό ν™•μΈν•΄ μ£Όμ‹κΈ° λ°”λλ‹λ‹¤. λν• λ§¤μ›” μ²«μ§Έ μ£Ό ν™”μ”μΌμ—λ” ν™”μ¬ κ²½λ³΄ ν…μ¤νΈκ°€ μ§„ν–‰λ©λ‹λ‹¤.', NOW(), NULL),
                                                                                                                (1, 1, 'νΈν…” μμμ¥ κ³„μ  μ΄μ μ•λ‚΄', 'μ•Όμ™Έ μμμ¥μ΄ 2025λ…„ 6μ›” 1μΌλ¶€ν„° 9μ›” 30μΌκΉμ§€ κ³„μ  μ΄μλ©λ‹λ‹¤. μ‹μ›ν• μλ£μ™€ ν•¨κ» λ„μ‹¬ μ† ν΄μ–‘μ„ μ¦κ²¨λ³΄μ„Έμ”. μ£Όλ§μ—λ” μμμ¥ DJ μ΄λ²¤νΈλ„ μ§„ν–‰λλ‹ λ§μ€ μ΄μ© λ°”λλ‹λ‹¤.', NOW(), NULL),
                                                                                                                (1, 1, 'νΈν…” λ·”ν λ μ¤ν† λ‘ μ„μ‹ ν΄μ—…', 'λ·”ν λ μ¤ν† λ‘ "λ” ν…λΌμ¤"κ°€ μ‹μ„¤ λ³΄μλ΅ μΈν•΄ 2025λ…„ 4μ›” 5μΌλ¶€ν„° 4μ›” 10μΌκΉμ§€ μ„μ‹ ν΄μ—…ν•©λ‹λ‹¤. ν•΄λ‹Ή κΈ°κ°„ ν¬μ™κ°κ»μ„λ” λ‹¤λ¥Έ λ μ¤ν† λ‘μ„ μ΄μ©ν•΄ μ£Όμ‹κΈ° λ°”λΌλ©°, λ¶νΈμ„ λ“λ ¤ μ£„μ†΅ν•©λ‹λ‹¤.', NOW(), NULL),
                                                                                                                (1, 1, 'νΈν…” μ£Όλ³€ κ΄€κ΄‘ μ •λ³΄ μ—…λ°μ΄νΈ', 'νΈν…” μ£Όλ³€ κ΄€κ΄‘ μ •λ³΄κ°€ μ—…λ°μ΄νΈλμ—μµλ‹λ‹¤. μƒλ΅­κ² μ¤ν”ν• λ°•λ¬Όκ΄€κ³Ό μ‡Όν•‘λ° μ •λ³΄κ°€ μ¶”κ°€λμ—μΌλ‹, μ»¨μ‹μ–΄μ§€ λ°μ¤ν¬μ—μ„ μµμ‹  κ΄€κ΄‘ κ°€μ΄λ“λ¥Ό λ°›μ•„κ°€μ„Έμ”. ν¬μ™κ° μ „μ© ν• μΈ μΏ ν°λ„ ν•¨κ» μ κ³µλ©λ‹λ‹¤.', NOW(), NULL),

-- FAQ (board_type = 2) 20κ°
                                                                                                                (1, 2, 'μ²΄ν¬μΈ λ° μ²΄ν¬μ•„μ›ƒ μ‹κ°„μ€ μ–Έμ μΈκ°€μ”?', 'μ²΄ν¬μΈμ€ μ¤ν›„ 3μ‹λ¶€ν„° κ°€λ¥ν•λ©°, μ²΄ν¬μ•„μ›ƒμ€ μ¤μ „ 11μ‹κΉμ§€ μ™„λ£ν•΄μ£Όμ…”μ•Ό ν•©λ‹λ‹¤. μ–Όλ¦¬ μ²΄ν¬μΈμ΄λ‚ λ μ΄νΈ μ²΄ν¬μ•„μ›ƒμ„ μ›ν•μ‹λ©΄ ν”„λ΅ νΈ λ°μ¤ν¬λ΅ λ¬Έμν•΄ μ£Όμ„Έμ”. κ°€λ¥ μ—¬λ¶€μ— λ”°λΌ μ¶”κ°€ μ”κΈμ΄ λ°μƒν•  μ μμµλ‹λ‹¤.', NOW(), NULL),
                                                                                                                (1, 2, 'λ°λ ¤λ™λ¬Ό λ™λ° μ…μ‹¤μ΄ κ°€λ¥ν•κ°€μ”?', 'μ£„μ†΅ν•©λ‹λ‹¤. λ‹Ή νΈν…”μ€ λ°λ ¤λ™λ¬Ό λ™λ° μ…μ‹¤μ„ μ ν•ν•κ³  μμµλ‹λ‹¤. λ‹¨, μ•λ‚΄κ²¬μ€ μμ™Έμ μΌλ΅ μ…μ‹¤μ΄ κ°€λ¥ν•©λ‹λ‹¤. μ£Όλ³€μ— λ°λ ¤λ™λ¬Ό νΈν…”μ„ μ•λ‚΄ν•΄ λ“λ¦΄ μ μμΌλ‹ ν•„μ”ν•μ‹λ©΄ λ¬Έμν•΄ μ£Όμ„Έμ”.', NOW(), NULL),
                                                                                                                (1, 2, 'μ¶”κ°€ μΉ¨λ€ μ”μ²­μ΄ κ°€λ¥ν•κ°€μ”?', 'λ„¤, κ°€λ¥ν•©λ‹λ‹¤. μ¶”κ°€ μΉ¨λ€λ” 1λ°•λ‹Ή 30,000μ›μ μ”κΈμ΄ λ°μƒν•λ©°, κ°μ‹¤ ν¬κΈ°μ— λ”°λΌ λ°°μΉκ°€ μ ν•λ  μ μμµλ‹λ‹¤. μ‚¬μ „μ— μμ•½ μ‹ μ”μ²­ν•΄ μ£Όμ‹κ±°λ‚ μ²΄ν¬μΈ μ‹ ν”„λ΅ νΈ λ°μ¤ν¬μ— λ¬Έμν•΄ μ£Όμ„Έμ”.', NOW(), NULL),
                                                                                                                (1, 2, 'νΈν…” λ‚΄ μ£Όμ°¨ μ‹μ„¤μ΄ μλ‚μ”?', 'λ„¤, νΈν…” λ‚΄ μ§€ν• μ£Όμ°¨μ¥μ΄ λ§λ ¨λμ–΄ μμµλ‹λ‹¤. ν¬μ™κ°μ€ 1λ°•λ‹Ή 1λ€μ μ°¨λ‰μ— ν•ν•΄ λ¬΄λ£ μ£Όμ°¨κ°€ κ°€λ¥ν•©λ‹λ‹¤. μ¶”κ°€ μ°¨λ‰μ€ μ‹κ°„λ‹Ή 5,000μ›μ μ£Όμ°¨ μ”κΈμ΄ λ¶€κ³Όλ©λ‹λ‹¤.', NOW(), NULL),
                                                                                                                (1, 2, 'κ°μ‹¤ λ‚΄ κΈμ—°μΈκ°€μ”?', 'λ„¤, λ¨λ“  κ°μ‹¤μ€ κΈμ—°μ…λ‹λ‹¤. ν΅μ—° μ‹ κ°μ‹¤ ν΄λ¦¬λ‹ λΉ„μ© 100,000μ›μ΄ μ¶”κ°€λ΅ μ²­κµ¬λ  μ μμµλ‹λ‹¤. ν΅μ—°μ„ μ›ν•μ‹λ” κ³ κ°κ»μ„λ” 1μΈµκ³Ό μ¥μƒμ— λ§λ ¨λ ν΅μ—° κµ¬μ—­μ„ μ΄μ©ν•΄ μ£Όμ‹κΈ° λ°”λλ‹λ‹¤.', NOW(), NULL),
                                                                                                                (1, 2, 'μ™€μ΄νμ΄λ” λ¬΄λ£λ΅ μ κ³µλλ‚μ”?', 'λ„¤, νΈν…” μ „ κµ¬μ—­μ—μ„ κ³ μ† μ™€μ΄νμ΄κ°€ λ¬΄λ£λ΅ μ κ³µλ©λ‹λ‹¤. κ°μ‹¤ λ‚΄ μ•λ‚΄λ¬Έμ— μ ‘μ† λ°©λ²•μ΄ κΈ°μ¬λμ–΄ μμΌλ©°, μ¶”κ°€ λ„μ›€μ΄ ν•„μ”ν•μ‹λ©΄ ν”„λ΅ νΈ λ°μ¤ν¬λ΅ λ¬Έμν•΄ μ£Όμ„Έμ”.', NOW(), NULL),
                                                                                                                (1, 2, 'μ΅°μ‹μ€ λ‡ μ‹λ¶€ν„° λ‡ μ‹κΉμ§€μΈκ°€μ”?', 'μ΅°μ‹μ€ ν‰μΌ(μ›”-κΈ) μ¤μ „ 6μ‹ 30λ¶„λ¶€ν„° 10μ‹κΉμ§€, μ£Όλ§ λ° κ³µν΄μΌμ€ μ¤μ „ 7μ‹λ¶€ν„° 10μ‹ 30λ¶„κΉμ§€ μ΄μλ©λ‹λ‹¤. 1μΈµ λ©”μΈ λ μ¤ν† λ‘μ—μ„ λ·”ν ν•μ‹μΌλ΅ μ κ³µλ©λ‹λ‹¤.', NOW(), NULL),
                                                                                                                (1, 2, 'κ°μ‹¤ λ‚΄ λ―Έλ‹λ°” μ΄μ©μ€ μ–΄λ–»κ² ν•λ‚μ”?', 'κ°μ‹¤ λ‚΄ λ―Έλ‹λ°”λ” μ λ£λ΅ μ΄μλλ©°, μ΄μ©ν•μ‹  ν’λ©μ€ μ²΄ν¬μ•„μ›ƒ μ‹ κ³„μ‚°λ©λ‹λ‹¤. λ―Έλ‹λ°” ν’λ© λ¦¬μ¤νΈμ™€ κ°€κ²©μ€ κ°μ‹¤ λ‚΄ μ•λ‚΄λ¬Έμ„ μ°Έκ³ ν•΄ μ£Όμ„Έμ”.', NOW(), NULL),
                                                                                                                (1, 2, 'νΈν…”μ—μ„ μ„Ένƒ μ„λΉ„μ¤λ¥Ό μ κ³µν•λ‚μ”?', 'λ„¤, μ„Ένƒ λ° λ“λΌμ΄ν΄λ¦¬λ‹ μ„λΉ„μ¤λ¥Ό μ κ³µν•©λ‹λ‹¤. μ¤μ „ 9μ‹ μ΄μ „μ— μ”μ²­ν•μ‹λ©΄ λ‹ΉμΌ μ €λ…μ— λ°›μΌμ‹¤ μ μμµλ‹λ‹¤. μ„Ένƒλ¬Ό κ°€λ°©κ³Ό μ‹ μ²­μ„λ” μ·μ¥ μ•μ— κµ¬λΉ„λμ–΄ μμµλ‹λ‹¤.', NOW(), NULL),
                                                                                                                (1, 2, 'νΈν…”μ—μ„ κ³µν•­κΉμ§€ μ…”ν‹€ μ„λΉ„μ¤κ°€ μλ‚μ”?', 'λ„¤, νΈν…”μ—μ„ κ³µν•­κΉμ§€ μ…”ν‹€ μ„λΉ„μ¤λ¥Ό μ΄μν•κ³  μμµλ‹λ‹¤. 1μΌ 4ν(μ¤μ „ 7μ‹, 10μ‹, μ¤ν›„ 1μ‹, 4μ‹) μ΄ν–‰ν•λ©°, μ΄μ© μ‹ μµμ† 24μ‹κ°„ μ „μ— μμ•½μ΄ ν•„μ”ν•©λ‹λ‹¤. ν”„λ΅ νΈ λ°μ¤ν¬μ—μ„ μμ•½ κ°€λ¥ν•©λ‹λ‹¤.', NOW(), NULL),
                                                                                                                (1, 2, 'κ°μ‹¤ λ‚΄ κΈκ³  μ‚¬μ©λ²•μ„ μ•λ ¤μ£Όμ„Έμ”.', 'κ°μ‹¤ λ‚΄ κΈκ³ λ” μ·μ¥ μ•μ— μ„μΉν•΄ μμµλ‹λ‹¤. μ‚¬μ© μ‹ μ›ν•λ” 4-6μλ¦¬ λΉ„λ°€λ²νΈλ¥Ό μ„¤μ •ν•μ‹  ν›„ # λ²„νΌμ„ λ„λ¥΄λ©΄ μ κΉλ‹λ‹¤. μ—΄ λ•λ” μ„¤μ •ν• λΉ„λ°€λ²νΈλ¥Ό μ…λ ¥ ν›„ # λ²„νΌμ„ λ„λ¥΄μ‹λ©΄ λ©λ‹λ‹¤.', NOW(), NULL),
                                                                                                                (1, 2, 'νΈν…” λ‚΄ λΉ„μ¦λ‹μ¤ μ„Όν„°κ°€ μλ‚μ”?', 'λ„¤, 2μΈµμ— λΉ„μ¦λ‹μ¤ μ„Όν„°κ°€ μ„μΉν•΄ μμΌλ©° 24μ‹κ°„ μ΄μ© κ°€λ¥ν•©λ‹λ‹¤. μ»΄ν“¨ν„°, ν”„λ¦°ν„°, λ³µμ‚¬κΈ°, ν©μ¤ λ“±μ μ„λΉ„μ¤λ¥Ό μ κ³µν•λ©°, νμμ‹¤ λ€μ—¬λ„ κ°€λ¥ν•©λ‹λ‹¤.', NOW(), NULL),
                                                                                                                (1, 2, 'κ°μ‹¤ λ‚΄ λ‹¤λ¦¬λ―Έλ¥Ό μ‚¬μ©ν•  μ μλ‚μ”?', 'λ„¤, λ‹¤λ¦¬λ―Έμ™€ λ‹¤λ¦¬λ―Ένμ€ ν”„λ΅ νΈ λ°μ¤ν¬μ— μ”μ²­ν•μ‹λ©΄ λ¬΄λ£λ΅ λ€μ—¬ν•΄ λ“λ¦½λ‹λ‹¤. μΌλ¶€ μ¤μ„νΈλ£Έμ—λ” κΈ°λ³ΈμΌλ΅ κµ¬λΉ„λμ–΄ μμµλ‹λ‹¤.', NOW(), NULL),
                                                                                                                (1, 2, 'νΈν…” λ‚΄ μμμ¥ μ΄μ© μ‹κ°„μ€ μ–΄λ–»κ² λλ‚μ”?', 'μ‹¤λ‚΄ μμμ¥μ€ μ¤μ „ 6μ‹λ¶€ν„° μ¤ν›„ 10μ‹κΉμ§€, μ•Όμ™Έ μμμ¥(κ³„μ  μ΄μ)μ€ μ¤μ „ 8μ‹λ¶€ν„° μ¤ν›„ 8μ‹κΉμ§€ μ΄μ© κ°€λ¥ν•©λ‹λ‹¤. μμμ¥ μ΄μ© μ‹ μμλ¨ μ°©μ©μ€ μ„ νƒ μ‚¬ν•­μ…λ‹λ‹¤.', NOW(), NULL),
                                                                                                                (1, 2, 'κ°μ‹¤ μμ•½ μ·¨μ† μ •μ±…μ€ μ–΄λ–»κ² λλ‚μ”?', 'μ²΄ν¬μΈ λ‚ μ§λ΅λ¶€ν„° 7μΌ μ „κΉμ§€ μ·¨μ† μ‹ μ „μ•΅ ν™λ¶λ©λ‹λ‹¤. 3-6μΌ μ „ μ·¨μ† μ‹ 1λ°• μ”κΈμ΄ μ„μ•½κΈμΌλ΅ λ¶€κ³Όλλ©°, 2μΌ μ΄λ‚΄ μ·¨μ† λλ” λ…Έμ‡Όμ κ²½μ° μ „μ²΄ μμ•½ κΈμ•΅μ΄ μ²­κµ¬λ©λ‹λ‹¤.', NOW(), NULL),
                                                                                                                (1, 2, 'νΈν…” λ‚΄ λ μ¤ν† λ‘ μμ•½μ€ μ–΄λ–»κ² ν•λ‚μ”?', 'νΈν…” λ‚΄ λ μ¤ν† λ‘ μμ•½μ€ κ°μ‹¤ μ „ν™”λ΅ 7λ²μ„ λ„λ¥΄μ‹κ±°λ‚, ν”„λ΅ νΈ λ°μ¤ν¬λ¥Ό λ°©λ¬Έν•μ‹λ©΄ λ„μ›€μ„ λ“λ¦½λ‹λ‹¤. μ£Όλ§ λ° μ„±μκΈ°μ—λ” μ‚¬μ „ μμ•½μ„ κ¶μ¥ν•©λ‹λ‹¤.', NOW(), NULL),
                                                                                                                (1, 2, 'κ°μ‹¤μ—μ„ λ£Έμ„λΉ„μ¤ μ£Όλ¬Έμ€ μ–΄λ–»κ² ν•λ‚μ”?', 'κ°μ‹¤ λ‚΄ λ©”λ‰΄νμ„ μ°Έκ³ ν•μ‹  ν›„, κ°μ‹¤ μ „ν™”λ΅ 3λ²μ„ λ„λ¥΄μ‹λ©΄ λ£Έμ„λΉ„μ¤λ΅ μ—°κ²°λ©λ‹λ‹¤. λ£Έμ„λΉ„μ¤λ” 24μ‹κ°„ μ΄μλλ‚, μ‹¬μ•Ό μ‹κ°„(μ¤ν›„ 11μ‹ - μ¤μ „ 6μ‹)μ—λ” μ ν•λ λ©”λ‰΄λ§ μ£Όλ¬Έ κ°€λ¥ν•©λ‹λ‹¤.', NOW(), NULL),
                                                                                                                (1, 2, 'νΈν…” λ‚΄ μ‚¬μ°λ‚ μ‹μ„¤μ΄ μλ‚μ”?', 'λ„¤, μ§€ν• 1μΈµμ— μ‚¬μ°λ‚ μ‹μ„¤μ΄ μμΌλ©°, μ¤μ „ 6μ‹λ¶€ν„° μ¤ν›„ 10μ‹κΉμ§€ μ΄μ© κ°€λ¥ν•©λ‹λ‹¤. ν¬μ™κ°μ€ λ¬΄λ£λ΅ μ΄μ©ν•μ‹¤ μ μμΌλ©°, νƒ€μ›”κ³Ό μ–΄λ©”λ‹ν‹°κ°€ μ κ³µλ©λ‹λ‹¤.', NOW(), NULL),
                                                                                                                (1, 2, 'κ°μ‹¤ λ‚΄ μ—μ–΄μ»¨/λ‚λ°© μ΅°μ μ€ μ–΄λ–»κ² ν•λ‚μ”?', 'κ°μ‹¤ λ‚΄ μ¨λ„ μ΅°μ κΈ°λ” μΉ¨λ€ μ† λ²½λ©΄μ— μ„μΉν•΄ μμµλ‹λ‹¤. μ›ν•μ‹λ” μ¨λ„λ¥Ό μ„¤μ •ν•μ‹  ν›„ μ „μ› λ²„νΌμ„ λ„λ¥΄μ‹λ©΄ μ‘λ™ν•©λ‹λ‹¤. μ¶”κ°€ λ„μ›€μ΄ ν•„μ”ν•μ‹λ©΄ ν”„λ΅ νΈ λ°μ¤ν¬λ΅ λ¬Έμν•΄ μ£Όμ„Έμ”.', NOW(), NULL),
                                                                                                                (1, 2, 'νΈν…”μ—μ„ κ΄€κ΄‘ ν‹°μΌ“ κµ¬λ§¤λ‚ ν¬μ–΄ μμ•½μ΄ κ°€λ¥ν•κ°€μ”?', 'λ„¤, 1μΈµ μ»¨μ‹μ–΄μ§€ λ°μ¤ν¬μ—μ„ μ£Όλ³€ κ΄€κ΄‘μ§€ ν‹°μΌ“ κµ¬λ§¤ λ° ν¬μ–΄ μμ•½μ„ λ„μ™€λ“λ¦½λ‹λ‹¤. μΌλ¶€ μΈκΈ° κ΄€κ΄‘μ§€λ” νΈν…” ν¬μ™κ° ν• μΈμ΄ μ μ©λ©λ‹λ‹¤.', NOW(), NULL),

-- 1λ€1 μ§λ¬Έ (board_type = 3) 30κ°
                                                                                                                (101, 3, 'κ°μ‹¤ μμ•½ λ³€κ²½μ΄ κ°€λ¥ν•κ°€μ”?', 'μ•λ…•ν•μ„Έμ”. 4μ›” 15μΌλ¶€ν„° 17μΌκΉμ§€ μμ•½ν• λ””λ­μ¤ λ”λΈ”λ£Έμ„ 4μ›” 20μΌλ¶€ν„° 22μΌλ΅ λ³€κ²½ν•κ³  μ‹¶μµλ‹λ‹¤. κ°€λ¥ν• κΉμ”? μμ•½λ²νΈλ” ABC12345μ…λ‹λ‹¤.', NOW(), NULL),
                                                                                                                (101, 3, 'κ°μ‹¤ λ‚΄ λƒ‰μ¥κ³  ν¬κΈ°κ°€ κ¶κΈν•©λ‹λ‹¤', 'λ‹¤μ μ£Όμ— ν¬μ™ μμ •μΈλ°, κ°μ‹¤ λ‚΄ λƒ‰μ¥κ³  ν¬κΈ°κ°€ κ¶κΈν•©λ‹λ‹¤. 1.5L μƒμ λ‡ λ³‘ μ •λ„ λ“¤μ–΄κ° μ μλ‚μ”? μμ‹λ¬Όμ„ μΆ€ κ°€μ Έκ° μμ •μ΄λΌμ„μ”.', NOW(), NULL),
                                                                                                                (101, 3, 'μ μ•„μ© μΉ¨λ€ μ”μ²­ κ°€λ¥ν•κ°€μ”?', 'λ‹¤μ λ‹¬ ν¬μ™ μμ •μΈλ° 10κ°μ›” μ•„κΈ°κ°€ μμ–΄μ„ μ μ•„μ© μΉ¨λ€κ°€ ν•„μ”ν•©λ‹λ‹¤. μ¶”κ°€ λΉ„μ©μ€ μ–Όλ§μΈμ§€, λ―Έλ¦¬ μμ•½ν•΄μ•Ό ν•λ”μ§€ μ•λ ¤μ£Όμ„Έμ”.', NOW(), NULL),
                                                                                                                (102, 3, 'μ΅°μ‹ ν¬ν•¨ μ—¬λ¶€ λ¬Έμ', 'μ΄λ² μ£Όλ§μ— ν¬μ™ μμ •μΈλ°, μμ•½ν• κ°μ‹¤μ— μ΅°μ‹μ΄ ν¬ν•¨λμ–΄ μλ”μ§€ ν™•μΈν•κ³  μ‹¶μµλ‹λ‹¤. μμ•½λ²νΈλ” DEF67890μ…λ‹λ‹¤.', NOW(), NULL),
                                                                                                                (102, 3, 'μμμ¥ μ΄μ© κ°€λ¥ μ‹κ°„μ΄ κ¶κΈν•©λ‹λ‹¤', 'λ‹¤μ μ£Όμ— ν¬μ™ μμ •μΈλ° μμμ¥ μ΄μ© κ°€λ¥ μ‹κ°„κ³Ό μμλ¨ μ°©μ© μ—¬λ¶€κ°€ κ¶κΈν•©λ‹λ‹¤. λν• μμμ¥ νƒ€μ›”μ€ λ³„λ„λ΅ μ κ³µλλ‚μ”?', NOW(), NULL),
                                                                                                                (102, 3, 'κ°μ‹¤ μ „λ§ κ΄€λ ¨ λ¬Έμ', 'μ¤μ…λ·° κ°μ‹¤λ΅ μμ•½ν–λ”λ°, μ‹¤μ λ΅ λ°”λ‹¤κ°€ μ λ³΄μ΄λ”μ§€ κ¶κΈν•©λ‹λ‹¤. νΉμ‹ μƒμΈµλ¶€ κ°μ‹¤λ΅ λ°°μ • μ”μ²­μ΄ κ°€λ¥ν• κΉμ”?', NOW(), NULL),
                                                                                                                (103, 3, 'κ³µν•­ ν”½μ—… μ„λΉ„μ¤κ°€ μλ‚μ”?', 'νΈν…”μ—μ„ κ³µν•­κΉμ§€ ν”½μ—… μ„λΉ„μ¤λ¥Ό μ κ³µν•λ‚μ”? μ κ³µλλ‹¤λ©΄ μ΄μ© λ°©λ²•κ³Ό λΉ„μ©μ„ μ•λ ¤μ£Όμ„Έμ”. λ‹¤μ μ£Ό ν™”μ”μΌ μ¤ν›„ 3μ‹μ— λ„μ°© μμ •μ…λ‹λ‹¤.', NOW(), NULL),
                                                                                                                (103, 3, 'κ°μ‹¤ λ‚΄ λΉ„ν’ μ¶”κ°€ μ”μ²­', 'μ΄λ² μ£Όλ§ ν¬μ™ μμ •μΈλ°, κ°μ‹¤μ— μ¶”κ°€ λ² κ°μ™€ λ‹΄μ”λ¥Ό μ”μ²­ν•κ³  μ‹¶μµλ‹λ‹¤. κ°€λ¥ν• κΉμ”? μμ•½λ²νΈλ” GHI24680μ…λ‹λ‹¤.', NOW(), NULL),
                                                                                                                (103, 3, 'μ£Όλ³€ λ§›μ§‘ μ¶”μ² λ¶€νƒλ“λ¦½λ‹λ‹¤', 'λ‹¤μ μ£Όμ— κ°€μ΅±μ—¬ν–‰μΌλ΅ ν¬μ™ μμ •μΈλ°, νΈν…” μ£Όλ³€μ— κ°€λ³Όλ§ν• λ§›μ§‘μ΄λ‚ μΉ΄νλ¥Ό μ¶”μ²ν•΄μ£Όμ„Έμ”. μ•„μ΄λ“¤λ„ ν•¨κ» κ°€λ”λ° μ ν•©ν• κ³³μ΄λ©΄ μΆ‹κ² μµλ‹λ‹¤.', NOW(), NULL),
                                                                                                                (104, 3, 'κ°μ‹¤ λ‚΄ μ™€μ΄νμ΄ μ†λ„λ” μ–΄λ–¤κ°€μ”?', 'μ—…λ¬΄μ°¨ λ°©λ¬Έ μμ •μΈλ° ν™”μƒνμλ¥Ό μ§„ν–‰ν•΄μ•Ό ν•΄μ„ μ™€μ΄νμ΄ μ†λ„κ°€ κ¶κΈν•©λ‹λ‹¤. μ•μ •μ μΌλ΅ μ‚¬μ© κ°€λ¥ν•μ§€ μ•λ ¤μ£Όμ„Έμ”.', NOW(), NULL),
                                                                                                                (104, 3, 'μ²΄ν¬μ•„μ›ƒ μ‹κ°„ μ—°μ¥ κ°€λ¥ν•κ°€μ”?', 'μ΄λ² μ£Ό ν† μ”μΌ μ²΄ν¬μ•„μ›ƒ μμ •μΈλ°, μ¤ν›„ λΉ„ν–‰κΈ°λΌ μ²΄ν¬μ•„μ›ƒ μ‹κ°„μ„ 2μ‹κ°„ μ •λ„ μ—°μ¥ν•κ³  μ‹¶μµλ‹λ‹¤. κ°€λ¥ν• κΉμ”? μ¶”κ°€ λΉ„μ©μ€ μ–Όλ§μΈκ°€μ”?', NOW(), NULL),
                                                                                                                (104, 3, 'κ°μ‹¤ λ‚΄ μ»¤ν”Όλ¨Έμ‹  μ‚¬μ©λ²•', 'ν„μ¬ ν¬μ™ μ¤‘μΈλ° κ°μ‹¤μ— μλ” μ»¤ν”Όλ¨Έμ‹  μ‚¬μ©λ²•μ„ λ¨λ¥΄κ² μµλ‹λ‹¤. μ„¤λ…μ„κ°€ μ—†μ–΄μ„ λ¬Έμλ“λ¦½λ‹λ‹¤. κ°μ‹¤ λ²νΈλ” 1234νΈμ…λ‹λ‹¤.', NOW(), NULL),
                                                                                                                (105, 3, 'νΈν…” λ‚΄ λΉ„μ¦λ‹μ¤ μ„Όν„° μ΄μ© λ¬Έμ', 'λ‹¤μ μ£Όμ— λΉ„μ¦λ‹μ¤ μ¶μ¥μΌλ΅ ν¬μ™ μμ •μΈλ°, νΈν…” λ‚΄ λΉ„μ¦λ‹μ¤ μ„Όν„° μ΄μ© κ°€λ¥ μ‹κ°„κ³Ό μ κ³µ μ„λΉ„μ¤(ν”„λ¦°ν„°, λ³µμ‚¬κΈ° λ“±)κ°€ κ¶κΈν•©λ‹λ‹¤.', NOW(), NULL),
                                                                                                                (105, 3, 'κ°μ‹¤ μ²­μ† μ‹κ°„ μ΅°μ • κ°€λ¥ν•κ°€μ”?', 'ν„μ¬ ν¬μ™ μ¤‘μΈλ°, λ‚΄μΌμ€ μ¤ν›„ 2μ‹λ¶€ν„° 4μ‹ μ‚¬μ΄μ— νμκ°€ μμ–΄μ„ κ·Έ μ‹κ°„μ— κ°μ‹¤ μ²­μ†λ¥Ό ν”Όν•κ³  μ‹¶μµλ‹λ‹¤. μ²­μ† μ‹κ°„ μ΅°μ •μ΄ κ°€λ¥ν• κΉμ”?', NOW(), NULL),
                                                                                                                (105, 3, 'νΈν…” λ‚΄ λ μ¤ν† λ‘ μμ•½ λ¬Έμ', 'μ΄λ² μ£Όλ§ ν¬μ™ μμ •μΈλ°, νΈν…” λ‚΄ λ μ¤ν† λ‘μ—μ„ μ €λ… μ‹μ‚¬λ¥Ό ν•κ³  μ‹¶μµλ‹λ‹¤. μμ•½μ΄ ν•„μ”ν•κ°€μ”? λν• λ“λ μ¤ μ½”λ“κ°€ μλ”μ§€λ„ μ•λ ¤μ£Όμ„Έμ”.', NOW(), NULL),
                                                                                                                (106, 3, 'κ°μ‹¤ λ‚΄ κΈκ³  κ³ μ¥', 'ν„μ¬ ν¬μ™ μ¤‘μΈλ° κ°μ‹¤ λ‚΄ κΈκ³ κ°€ μ‘λ™ν•μ§€ μ•μµλ‹λ‹¤. λΉ„λ°€λ²νΈλ¥Ό μ„¤μ •ν–λ”λ° μ—΄λ¦¬μ§€ μ•μ•„μ”. λ„μ›€μ΄ ν•„μ”ν•©λ‹λ‹¤. κ°μ‹¤ λ²νΈλ” 5678νΈμ…λ‹λ‹¤.', NOW(), NULL),
                                                                                                                (106, 3, 'μ£Όλ³€ κ΄€κ΄‘μ§€ κµν†µνΈ λ¬Έμ', 'λ‹¤μ μ£Όμ— κ΄€κ΄‘ λ©μ μΌλ΅ ν¬μ™ μμ •μΈλ°, μ£Όμ” κ΄€κ΄‘μ§€κΉμ§€ κ°€λ” κµν†µνΈκ³Ό μ†μ” μ‹κ°„μ„ μ•λ ¤μ£Όμ„Έμ”. λν• νΈν…”μ—μ„ ν¬μ–΄ μμ•½λ„ κ°€λ¥ν•κ°€μ”?', NOW(), NULL),
                                                                                                                (106, 3, 'λ£Έμ„λΉ„μ¤ λ©”λ‰΄ λ¬Έμ', 'μ¤λ λ°¤ λ¦κ² μ²΄ν¬μΈ μμ •μΈλ°, λ£Έμ„λΉ„μ¤κ°€ 24μ‹κ°„ μ΄μλλ”μ§€ κ¶κΈν•©λ‹λ‹¤. λ¦μ€ μ‹κ°„μ— μ΄μ© κ°€λ¥ν• λ©”λ‰΄κ°€ μμ„κΉμ”?', NOW(), NULL),
                                                                                                                (101, 3, 'κ°μ‹¤ λ‚΄ λ―Έλ‹λ°” μ΄μ© λ°©λ²•', 'ν„μ¬ ν¬μ™ μ¤‘μΈλ° λ―Έλ‹λ°” μ΄μ© μ‹ λ³„λ„λ΅ ν”„λ΅ νΈμ— μ•λ ¤μ•Ό ν•λ‚μ”? μ•„λ‹λ©΄ μλ™μΌλ΅ κ³„μ‚°λλ‚μ”? κ°€κ²©ν‘λ” μ–΄λ””μ„ ν™•μΈν•  μ μμ„κΉμ”?', NOW(), NULL),
                                                                                                                (101, 3, 'νΈν…” λ‚΄ ν—¬μ¤μ¥ μ΄μ© μ‹κ°„', 'λ‹¤μ μ£Όμ— ν¬μ™ μμ •μΈλ° ν—¬μ¤μ¥ μ΄μ© κ°€λ¥ μ‹κ°„κ³Ό μ‹μ„¤ ν„ν™©(λ¬λ‹λ¨Έμ‹ , μ›¨μ΄νΈ κΈ°κµ¬ λ“±)μ΄ κ¶κΈν•©λ‹λ‹¤. λ³„λ„μ μ΄μ©λ£κ°€ μλ‚μ”?', NOW(), NULL),
                                                                                                                (101, 3, 'μ„Ένƒ μ„λΉ„μ¤ μ΄μ© λ°©λ²•', 'μ¶μ¥μΌλ΅ 1μ£ΌμΌκ°„ ν¬μ™ μμ •μΈλ°, μ„Ένƒ μ„λΉ„μ¤λ¥Ό μ΄μ©ν•κ³  μ‹¶μµλ‹λ‹¤. μ΄μ© λ°©λ²•κ³Ό λΉ„μ©, μ†μ” μ‹κ°„μ„ μ•λ ¤μ£Όμ„Έμ”.', NOW(), NULL),
-- 1λ€1 μ§λ¬Έ (board_type = 3)
(101,3, 'κ°μ‹¤ μμ•½ λ³€κ²½μ΄ κ°€λ¥ν•κ°€μ”?', 'μμ•½ν• κ°μ‹¤μ„ λ‹¤λ¥Έ λ‚ μ§λ΅ λ³€κ²½ν•κ³  μ‹¶μµλ‹λ‹¤. κ°€λ¥ν• κΉμ”?', NOW(), NULL),
(101,3, 'κ°μ‹¤ μμ•½ μ·¨μ†κ°€κ°€κ°€κ°€κ°€μ΄ κ°€λ¥ν•κ°€μ”?', 'μ·¨μ†κ°€κ°€κ°€κ°€κ°€κ°€κ°€ν• κ°μ‹¤μ„ λ‹¤λ¥Έ λ‚ μ§λ΅ λ³€κ²½ν•κ³  μ‹¶μµλ‹λ‹¤. κ°€λ¥ν• κΉμ”?', NOW(), NULL),
(102,3, 'κ°μ‹¤ μμ•½ λ³€κ²½μ΄ κ°€λ¥ν•κ°€μ”μ”μ”μ”μ”μ”?', 'μ”μ”μ”μ”μμ•½ν• κ°μ‹¤μ„ λ‹¤λ¥Έ λ‚ μ§λ΅ λ³€κ²½ν•κ³  μ‹¶μµλ‹λ‹¤. κ°€λ¥ν• κΉμ”?', NOW(), NULL),
(102, 3, 'μ΅°μ‹ ν¬ν•¨ μ—¬λ¶€ λ¬Έμ', 'μμ•½ν• κ°μ‹¤μ— μ΅°μ‹μ΄ ν¬ν•¨λμ–΄ μλ”μ§€ ν™•μΈν•κ³  μ‹¶μµλ‹λ‹¤.', NOW(), NULL),
(103, 3, 'κ³µν•­ ν”½μ—… μ„λΉ„μ¤κ°€ μλ‚μ”?', 'νΈν…”μ—μ„ κ³µν•­κΉμ§€ ν”½μ—… μ„λΉ„μ¤λ¥Ό μ κ³µν•λ‚μ”? μ κ³µλλ‹¤λ©΄ μ΄μ© λ°©λ²•μ„ μ•λ ¤μ£Όμ„Έμ”.', NOW(), NULL
);

INSERT INTO `tbl_board_comments` (`post_id`,`content`,`created_at`) VALUES
(7,'λ‹µλ©΄λ³€λ³€λ²Όλ…‘γ„΄λ³€',NOW()),
(1,'λ‹µλ©΄λ³€λ³€λ²Όλ…‘γ„΄λ³€',NOW()),
(8,'λ‹µλ©΄λ³€λ³€λ²Όλ…‘γ„΄λ³€222222222',NOW()),
(9,'λ‹µλ©΄λ³€λ³€λ²Όλ…‘γ„΄λ³€33333333',NOW()),
(10,'λ‹µλ©΄λ³€λ³€λ²Όλ…‘γ„΄λ³€44444444',NOW()),
(11,'λ‹µλ©΄λ³€λ³€λ²Όλ…‘γ„΄λ³€555555555',NOW());



INSERT INTO `tbl_reservations` (acm_id, member_code, check_in, check_out, guest_count, is_resv,created_at) VALUES
(101,101,'2025-03-11','2025-03-14',3,true,NOW()),
(101,101,'2025-03-15','2025-03-19',3,true,NOW()),
(201,101,'2025-03-11','2025-03-13',3,true,NOW()),
(202,101,'2025-03-15','2025-03-19',3,true,NOW()),
# (101,102,'2025-03-18','2025-03-20',3,true,NOW()), #λ„£μΌλ ¤λ©΄ μ£Όμ„
(102,103,'2025-03-11','2025-03-14',3,true,NOW()),
(103,104,'2025-03-11','2025-03-14',3,true,NOW()),
(104,104,'2025-03-11','2025-03-14',3,true,NOW()),
# (104,105,'2025-03-13','2025-03-15',3,true,NOW()), #λ„£μΌλ ¤λ©΄ μ£Όμ„
(105,105,'2025-03-11','2025-03-14',3,true,NOW());

# λ¦¬λ·° λ°μ΄ν„° / λ¦¬λ·° μ΄λ―Έμ§€ μ¶”κ°€ μμ •
INSERT INTO `tbl_reviews` (member_code, acm_id, resv_id, content, written_at) VALUES
(101,101,1,'ν›„κΈ° μ‘μ„± λ‚΄μ© μ…λ‹λ‹¤.1',now()),
(101,102,2,'ν›„κΈ° μ‘μ„± λ‚΄μ© μ…λ‹λ‹¤.2',now()),
(101,103,3,'ν›„κΈ° μ‘μ„± λ‚΄μ© μ…λ‹λ‹¤.3',now()),
(101,104,4,'ν›„κΈ° μ‘μ„± λ‚΄μ© μ…λ‹λ‹¤.4',now()),
(101,105,5,'ν›„κΈ° μ‘μ„± λ‚΄μ© μ…λ‹λ‹¤.5',now()),
(102,201,6,'ν›„κΈ° μ‘μ„± λ‚΄μ© μ…λ‹λ‹¤.6',now()),
(102,202,1,'ν›„κΈ° μ‘μ„± λ‚΄μ© μ…λ‹λ‹¤.7',now()),
(102,203,2,'ν›„κΈ° μ‘μ„± λ‚΄μ© μ…λ‹λ‹¤.8',now()),
(102,204,3,'ν›„κΈ° μ‘μ„± λ‚΄μ© μ…λ‹λ‹¤.9',now()),
(102,205,4,'ν›„κΈ° μ‘μ„± λ‚΄μ© μ…λ‹λ‹¤.10',now()),
(103,301,5,'ν›„κΈ° μ‘μ„± λ‚΄μ© μ…λ‹λ‹¤.11',now()),
(103,302,6,'ν›„κΈ° μ‘μ„± λ‚΄μ© μ…λ‹λ‹¤.12',now()),
(103,303,1,'ν›„κΈ° μ‘μ„± λ‚΄μ© μ…λ‹λ‹¤.13',now()),
(103,304,2,'ν›„κΈ° μ‘μ„± λ‚΄μ© μ…λ‹λ‹¤.14',now()),
(103,305,3,'ν›„κΈ° μ‘μ„± λ‚΄μ© μ…λ‹λ‹¤.15',now());

